customerID,loanId,appilcationDate,LoanNumber,LoanAmount,InterestRate,TermDays,repaymentDueDate,repaymentPaidDate,payback,InterestValue
839247458,302953235622,2018-12-21,1,7500.0,30.0,30,2019-01-20,2019-01-16,9750.0,2250.0
217540860,302960101337,2018-12-23,1,7500.0,30.0,30,2019-01-22,2018-12-29,9750.0,2250.0
522238092,303016988846,2019-01-08,1,7500.0,30.0,30,2019-02-07,2019-01-08,9750.0,2250.0
096754469,302999605504,2019-01-04,1,7500.0,30.0,30,2019-02-03,2019-01-08,9750.0,2250.0
410354345,302951945878,2018-12-21,1,7500.0,30.0,30,2019-01-20,2019-01-17,9750.0,2250.0
027610141,302955854172,2018-12-22,6,45000.0,10.0,90,2019-03-21,2019-01-09,49500.0,4500.0
390748423,302941689535,2018-12-19,4,90000.0,5.0,180,2019-06-18,2019-01-15,94500.0,4500.0
642947351,302945727970,2018-12-19,3,45000.0,10.0,90,2019-03-19,2019-01-16,49500.0,4500.0
227382168,302953081988,2018-12-21,4,45000.0,10.0,90,2019-03-20,2019-01-16,49500.0,4500.0
380684555,302997991362,2019-01-03,4,30000.0,10.0,90,2019-04-02,2019-01-11,33000.0,3000.0
538656471,302906015723,2018-12-10,1,13500.0,18.0,45,2019-01-24,2019-01-07,15930.0,2430.0
067501201,302955909012,2018-12-22,4,19000.0,15.0,60,2019-02-21,2019-01-14,21850.0,2850.0
779403451,302941503245,2018-12-19,4,59500.0,7.5,180,2019-06-18,2019-01-16,63962.5,4462.5
706745423,302942096687,2018-12-19,1,32000.0,7.5,180,2019-06-18,2019-01-04,34400.0,2400.0
175032099,302948765318,2018-12-20,1,8000.0,36.0,45,2019-02-03,2018-12-23,10880.0,2880.0
756846529,302943137882,2018-12-19,7,16000.0,20.0,60,2019-02-18,2018-12-21,19200.0,3200.0
910833430,302985391002,2018-12-31,1,40500.0,12.0,120,2019-04-30,2019-01-04,45360.0,4860.0
789366247,302966696659,2018-12-25,7,9500.0,20.0,30,2019-01-24,2018-12-30,11400.0,1900.0
946771596,302919159103,2018-12-12,1,11000.0,27.0,45,2019-01-26,2018-12-15,13970.0,2970.0
363467351,302977645174,2018-12-28,1,11000.0,27.0,45,2019-02-11,2019-01-08,13970.0,2970.0
380721416,302935257840,2018-12-17,2,11000.0,27.0,45,2019-01-31,2019-01-06,13970.0,2970.0
476331961,302987067485,2018-12-31,1,11000.0,27.0,45,2019-02-14,2019-01-10,13970.0,2970.0
098589528,302933833928,2018-12-16,1,11000.0,27.0,45,2019-01-31,2018-12-19,13970.0,2970.0
063431769,302918179987,2018-12-12,1,11000.0,27.0,45,2019-01-26,2018-12-28,13970.0,2970.0
021449557,302982821720,2018-12-30,1,11000.0,27.0,45,2019-02-13,2019-01-07,13970.0,2970.0
826509061,302945064516,2018-12-19,1,11000.0,27.0,45,2019-02-02,2019-01-09,13970.0,2970.0
153423083,303028288661,2019-01-10,1,11000.0,27.0,45,2019-02-24,2019-01-10,13970.0,2970.0
369040052,302980904801,2018-12-29,1,11000.0,27.0,45,2019-02-12,2019-01-10,13970.0,2970.0
301885486,302990564127,2019-01-01,2,11000.0,27.0,45,2019-02-15,2019-01-04,13970.0,2970.0
134429368,302929098418,2018-12-15,1,11000.0,27.0,45,2019-01-29,2019-01-03,13970.0,2970.0
704636732,302987659238,2018-12-31,1,11000.0,27.0,45,2019-02-14,2019-01-10,13970.0,2970.0
695952615,302924814341,2018-12-14,1,11000.0,27.0,45,2019-01-28,2019-01-16,13970.0,2970.0
769336627,302961393633,2018-12-24,1,11000.0,27.0,45,2019-02-07,2019-01-15,13970.0,2970.0
635877349,302952010169,2018-12-21,1,11000.0,27.0,45,2019-02-04,2019-01-14,13970.0,2970.0
931044720,302939817465,2018-12-18,1,11000.0,27.0,45,2019-02-01,2019-01-14,13970.0,2970.0
022592236,302943908941,2018-12-19,1,11000.0,27.0,45,2019-02-02,2018-12-24,13970.0,2970.0
040007463,302931926095,2018-12-16,1,11000.0,27.0,45,2019-01-30,2018-12-22,13970.0,2970.0
162160911,302946215470,2018-12-20,1,11000.0,27.0,45,2019-02-03,2019-01-02,13970.0,2970.0
940783684,302930790781,2018-12-15,1,11000.0,27.0,45,2019-01-29,2019-01-12,13970.0,2970.0
937397087,302921007499,2018-12-13,1,11000.0,27.0,45,2019-01-27,2019-01-16,13970.0,2970.0
545358839,302984759273,2018-12-31,1,11000.0,27.0,45,2019-02-14,2019-01-11,13970.0,2970.0
812336627,302943840259,2018-12-19,1,11000.0,27.0,45,2019-02-02,2018-12-24,13970.0,2970.0
461816834,302957599921,2018-12-22,1,11000.0,27.0,45,2019-02-05,2019-01-13,13970.0,2970.0
759510502,302968168829,2018-12-26,1,11000.0,27.0,45,2019-02-09,2019-01-14,13970.0,2970.0
156649529,302918487263,2018-12-12,1,11000.0,27.0,45,2019-01-26,2019-01-17,13970.0,2970.0
226927764,302941141905,2018-12-18,1,15000.0,18.0,45,2019-02-01,2019-01-15,17700.0,2700.0
060618946,302965958049,2018-12-25,1,15000.0,18.0,45,2019-02-08,2019-01-04,17700.0,2700.0
108707573,302957873911,2018-12-23,1,15000.0,18.0,45,2019-02-06,2019-01-05,17700.0,2700.0
730490580,302955045934,2018-12-22,1,15000.0,18.0,45,2019-02-05,2018-12-23,17700.0,2700.0
733776995,302944273002,2018-12-19,2,18500.0,20.0,60,2019-02-18,2019-01-16,22200.0,3700.0
072761825,302980080738,2018-12-29,3,12500.0,20.0,30,2019-01-28,2019-01-17,15000.0,2500.0
794766162,303003621489,2019-01-04,3,12500.0,20.0,30,2019-02-03,2019-01-15,15000.0,2500.0
193319710,302953670147,2018-12-21,6,12500.0,20.0,30,2019-01-20,2018-12-24,15000.0,2500.0
307819843,302947707022,2018-12-20,3,12500.0,20.0,30,2019-01-19,2019-01-17,15000.0,2500.0
200263974,302975338905,2018-12-28,3,12500.0,20.0,30,2019-01-27,2019-01-09,15000.0,2500.0
569563950,302973301396,2018-12-27,3,12500.0,20.0,30,2019-01-26,2019-01-10,15000.0,2500.0
186677489,302946046703,2018-12-20,2,12500.0,20.0,30,2019-01-19,2019-01-16,15000.0,2500.0
403325960,302995758493,2019-01-03,3,12500.0,20.0,30,2019-02-02,2019-01-07,15000.0,2500.0
290362283,302941752483,2018-12-19,2,12500.0,20.0,30,2019-01-18,2018-12-21,15000.0,2500.0
423423880,302961774104,2018-12-24,7,20000.0,10.0,90,2019-03-23,2019-01-11,22000.0,2000.0
295216252,302984200585,2018-12-30,1,40500.0,12.0,120,2019-04-30,2019-01-04,45360.0,4860.0
188795955,302946032869,2018-12-20,2,30000.0,12.5,60,2019-02-19,2019-01-09,33750.0,3750.0
727837791,303024393054,2019-01-09,1,4000.0,30.0,30,2019-02-08,2019-01-11,5200.0,1200.0
145235052,303011552100,2019-01-06,4,8000.0,30.0,30,2019-02-05,2019-01-10,10400.0,2400.0
649576465,302966059977,2018-12-25,3,20000.0,20.0,60,2019-02-24,2019-01-08,24000.0,4000.0
957474880,302941611556,2018-12-19,3,20000.0,20.0,60,2019-02-18,2019-01-15,24000.0,4000.0
537580961,302956396370,2018-12-22,8,20000.0,20.0,60,2019-02-21,2019-01-17,24000.0,4000.0
119364125,302944804697,2018-12-19,2,20000.0,20.0,60,2019-02-18,2018-12-24,24000.0,4000.0
318590971,302971952131,2018-12-27,2,20000.0,20.0,60,2019-02-26,2019-01-15,24000.0,4000.0
263540349,302946916723,2018-12-20,2,20000.0,20.0,60,2019-02-19,2019-01-11,24000.0,4000.0
906107584,302959679274,2018-12-23,2,20000.0,20.0,60,2019-02-22,2019-01-14,24000.0,4000.0
867496972,303017276507,2019-01-08,2,20000.0,20.0,60,2019-03-07,2019-01-15,24000.0,4000.0
455212344,302960799924,2018-12-24,2,20000.0,20.0,60,2019-02-23,2018-12-28,24000.0,4000.0
958579308,303004539481,2019-01-04,2,20000.0,20.0,60,2019-03-03,2019-01-15,24000.0,4000.0
281227350,302945265296,2018-12-19,3,20000.0,20.0,60,2019-02-18,2019-01-15,24000.0,4000.0
084724483,303005246542,2019-01-05,2,20000.0,20.0,60,2019-03-04,2019-01-14,24000.0,4000.0
642676140,302918820902,2018-12-12,1,7000.0,27.0,45,2019-01-26,2018-12-24,8890.0,1890.0000000000002
214370444,302915594306,2018-12-12,1,7000.0,27.0,45,2019-01-26,2018-12-23,8890.0,1890.0000000000002
346380366,302930196386,2018-12-15,1,7000.0,27.0,45,2019-01-29,2019-01-17,8890.0,1890.0000000000002
835006351,302919966892,2018-12-13,1,7000.0,27.0,45,2019-01-27,2019-01-13,8890.0,1890.0000000000002
352015539,302963500984,2018-12-24,1,7000.0,27.0,45,2019-02-07,2019-01-15,8890.0,1890.0000000000002
909250151,303043353424,2019-01-15,3,5000.0,30.0,30,2019-02-14,2019-01-17,6500.0,1500.0
251292580,303026679722,2019-01-10,1,5000.0,30.0,30,2019-02-09,2019-01-13,6500.0,1500.0
070384745,302966588294,2018-12-25,1,10000.0,30.0,30,2019-01-24,2019-01-05,13000.0,3000.0
018430169,302964959945,2018-12-25,4,20000.0,15.0,60,2019-02-24,2019-01-11,23000.0,3000.0
417120772,302944542534,2018-12-19,18,30000.0,10.0,90,2019-03-18,2019-01-17,33000.0,3000.0
916630700,302954637999,2018-12-22,1,10000.0,30.0,30,2019-01-21,2019-01-06,13000.0,3000.0
640388539,302953969474,2018-12-21,1,10000.0,30.0,30,2019-01-20,2018-12-27,13000.0,3000.0
926353051,302986492755,2018-12-31,1,10000.0,30.0,30,2019-01-30,2019-01-12,13000.0,3000.0
779437911,302948027240,2018-12-20,1,10000.0,30.0,30,2019-01-19,2019-01-13,13000.0,3000.0
584254634,302998588290,2019-01-03,1,10000.0,30.0,30,2019-02-02,2019-01-11,13000.0,3000.0
561577441,302964472311,2018-12-24,1,10000.0,30.0,30,2019-01-23,2019-01-15,13000.0,3000.0
290120121,302942188996,2018-12-19,1,10000.0,30.0,30,2019-01-18,2019-01-15,13000.0,3000.0
677671086,302957458252,2018-12-22,3,10000.0,30.0,30,2019-01-21,2019-01-05,13000.0,3000.0
131274940,302944576397,2018-12-19,2,10000.0,30.0,30,2019-01-18,2019-01-09,13000.0,3000.0
254782785,303012724937,2019-01-07,2,10000.0,30.0,30,2019-02-06,2019-01-14,13000.0,3000.0
319084996,302959001659,2018-12-23,3,20000.0,15.0,60,2019-02-22,2019-01-16,23000.0,3000.0
422110109,302951040334,2018-12-21,2,10000.0,30.0,30,2019-01-20,2019-01-07,13000.0,3000.0
321548764,302971943967,2018-12-27,2,10000.0,30.0,30,2019-01-26,2019-01-04,13000.0,3000.0
625388830,302991732270,2019-01-02,2,10000.0,30.0,30,2019-02-01,2019-01-16,13000.0,3000.0
344366145,302944152649,2018-12-19,1,10000.0,30.0,30,2019-01-18,2018-12-24,13000.0,3000.0
050592939,302951458269,2018-12-21,2,10000.0,30.0,30,2019-01-20,2018-12-30,13000.0,3000.0
081878017,302972323543,2018-12-27,1,10000.0,30.0,30,2019-01-26,2019-01-14,13000.0,3000.0
354429842,302951039491,2018-12-21,1,10000.0,30.0,30,2019-01-20,2019-01-13,13000.0,3000.0
648942156,302944453792,2018-12-19,1,10000.0,30.0,30,2019-01-18,2019-01-15,13000.0,3000.0
806081871,302970253908,2018-12-27,7,10000.0,30.0,30,2019-01-26,2019-01-03,13000.0,3000.0
661195670,302994278487,2019-01-02,3,20000.0,15.0,60,2019-03-01,2019-01-16,23000.0,3000.0
166058507,302912715431,2018-12-11,1,10000.0,19.8,45,2019-01-25,2018-12-12,11980.0,1980.0
776397123,302963292676,2018-12-24,3,12000.0,20.0,60,2019-02-23,2018-12-26,14400.0,2400.0
811563814,302980414056,2018-12-29,5,7000.0,20.0,30,2019-01-28,2018-12-29,8400.0,1400.0
995292034,302965856045,2018-12-25,7,7000.0,20.0,30,2019-01-24,2019-01-02,8400.0,1400.0
496961867,302967087990,2018-12-25,6,7000.0,20.0,30,2019-01-24,2019-01-14,8400.0,1400.0
391695557,303038759402,2019-01-13,6,7000.0,20.0,30,2019-02-12,2019-01-14,8400.0,1400.0
401635385,302975768667,2018-12-28,7,7000.0,20.0,30,2019-01-27,2019-01-15,8400.0,1400.0
990270292,302980858606,2018-12-29,3,7000.0,20.0,30,2019-01-28,2019-01-04,8400.0,1400.0
854297585,302970899004,2018-12-27,6,30000.0,7.5,90,2019-03-26,2019-01-15,32250.0,2250.0
147167048,303012349157,2019-01-07,3,30000.0,12.5,60,2019-03-06,2019-01-12,33750.0,3750.0
949432867,302955054272,2018-12-22,24,83000.0,10.0,60,2019-02-21,2019-01-15,91300.0,8300.0
332107062,303008208534,2019-01-05,3,10000.0,20.0,30,2019-02-04,2019-01-14,12000.0,2000.0
547605847,302971481648,2018-12-27,2,10000.0,20.0,30,2019-01-26,2018-12-28,12000.0,2000.0
701138556,302952009970,2018-12-21,3,10000.0,20.0,30,2019-01-20,2018-12-27,12000.0,2000.0
747647878,302965636524,2018-12-25,3,10000.0,20.0,30,2019-01-24,2018-12-31,12000.0,2000.0
097535574,303022259381,2019-01-09,5,40000.0,10.0,60,2019-03-08,2019-01-17,44000.0,4000.0
181540554,302997798793,2019-01-03,5,3500.0,15.0,15,2019-01-18,2019-01-15,4025.0,525.0
576922217,302997697614,2019-01-03,1,7000.0,15.0,15,2019-01-18,2019-01-11,8050.0,1050.0
861534190,302986766164,2018-12-31,13,7000.0,15.0,30,2019-01-30,2019-01-17,8050.0,1050.0
227290357,303002126783,2019-01-04,1,7000.0,15.0,15,2019-01-19,2019-01-09,8050.0,1050.0
133444346,303021954788,2019-01-09,4,7000.0,15.0,15,2019-01-24,2019-01-11,8050.0,1050.0
668930493,302963156703,2018-12-24,6,14000.0,15.0,30,2019-01-23,2018-12-24,16100.0,2100.0
460287568,302948342805,2018-12-20,1,10000.0,20.1,30,2019-01-19,2019-01-17,12010.0,2010.0000000000002
672209505,302995279959,2019-01-03,3,10000.0,15.0,15,2019-01-18,2019-01-11,11500.0,1500.0
715171135,302998892724,2019-01-03,2,10000.0,15.0,15,2019-01-18,2019-01-17,11500.0,1500.0
688797331,302952264665,2018-12-21,7,26500.0,10.0,90,2019-03-20,2019-01-13,29150.0,2650.0
484774356,302943412009,2018-12-19,3,10000.0,15.0,30,2019-01-18,2018-12-26,11500.0,1500.0
720838133,303003596162,2019-01-04,1,10000.0,15.0,15,2019-01-19,2019-01-14,11500.0,1500.0
595528374,303037122257,2019-01-13,1,10000.0,15.0,15,2019-01-28,2019-01-17,11500.0,1500.0
793634840,303000542007,2019-01-04,12,10000.0,15.0,15,2019-01-19,2019-01-06,11500.0,1500.0
082245705,302971229269,2018-12-27,7,10000.0,15.0,30,2019-01-26,2019-01-11,11500.0,1500.0
161632181,302997537692,2019-01-03,4,10000.0,15.0,15,2019-01-18,2019-01-06,11500.0,1500.0
022717537,302986056338,2018-12-31,8,10000.0,15.0,30,2019-01-30,2019-01-01,11500.0,1500.0
019523239,303001478744,2019-01-04,1,10000.0,15.0,15,2019-01-19,2019-01-17,11500.0,1500.0
822390534,303018848988,2019-01-08,1,10000.0,15.0,15,2019-01-23,2019-01-16,11500.0,1500.0
883996485,303032162614,2019-01-11,1,3000.0,30.0,30,2019-02-10,2019-01-15,3900.0,900.0
970677277,303042079945,2019-01-14,1,3000.0,30.0,30,2019-02-13,2019-01-16,3900.0,900.0
378980845,303042047576,2019-01-14,1,3000.0,30.0,30,2019-02-13,2019-01-15,3900.0,900.0
417069224,303036253906,2019-01-13,1,3000.0,30.0,30,2019-02-12,2019-01-15,3900.0,900.0
434522807,303021046415,2019-01-09,1,3000.0,30.0,30,2019-02-08,2019-01-11,3900.0,900.0
296350216,303013631268,2019-01-07,1,3000.0,30.0,30,2019-02-06,2019-01-11,3900.0,900.0
408359459,303004278957,2019-01-04,7,24000.0,15.0,60,2019-03-03,2019-01-11,27600.0,3600.0
134255479,303003759007,2019-01-04,1,12000.0,15.0,60,2019-03-03,2019-01-08,13800.0,1800.0
677904715,302956557033,2018-12-22,6,13000.0,20.0,30,2019-01-21,2018-12-26,15600.0,2600.0
768252741,302989481707,2019-01-01,5,13000.0,20.0,30,2019-01-31,2019-01-10,15600.0,2600.0
407771100,302958234875,2018-12-23,20,48000.0,15.0,60,2019-02-22,2019-01-15,55200.0,7200.0
645717943,302950926867,2018-12-21,3,15000.0,20.0,60,2019-02-20,2019-01-16,18000.0,3000.0
605986758,303016545435,2019-01-08,3,44500.0,5.0,180,2019-07-07,2019-01-11,46725.0,2225.0
014359574,302942244284,2018-12-19,3,16000.0,12.5,60,2019-02-18,2019-01-17,18000.0,2000.0
027395171,PP2946169406,2018-12-20,1,50000.0,6.0,90,2019-03-19,2018-12-25,53000.0,3000.0
659614068,302951533171,2018-12-21,5,49500.0,7.5,180,2019-06-20,2019-01-05,53212.5,3712.5
130582517,302974210741,2018-12-28,5,20000.0,12.5,90,2019-03-27,2018-12-29,22500.0,2500.0
163381010,302992187979,2019-01-02,4,32000.0,12.5,60,2019-03-01,2019-01-04,36000.0,4000.0
223606592,303007371759,2019-01-05,6,34500.0,12.5,90,2019-04-04,2019-01-11,38812.5,4312.5
525678519,303051344211,2019-01-16,2,5000.0,36.0,45,2019-03-02,2019-01-16,6800.0,1800.0
306448020,302948992799,2018-12-20,1,10000.0,36.0,45,2019-02-03,2018-12-24,13600.0,3600.0
338743564,302985978297,2018-12-31,1,10000.0,36.0,45,2019-02-14,2019-01-05,13600.0,3600.0
877725281,302985667532,2018-12-31,1,10000.0,36.0,45,2019-02-14,2019-01-16,13600.0,3600.0
974145900,302932755353,2018-12-16,1,10000.0,36.0,45,2019-01-30,2018-12-24,13600.0,3600.0
703939569,302955709115,2018-12-22,1,10000.0,36.0,45,2019-02-05,2019-01-07,13600.0,3600.0
106231838,302929071740,2018-12-15,1,10000.0,36.0,45,2019-01-29,2018-12-20,13600.0,3600.0
482349166,302944541879,2018-12-19,1,10000.0,36.0,45,2019-02-02,2019-01-11,13600.0,3600.0
831501996,302927686350,2018-12-14,1,10000.0,36.0,45,2019-01-28,2019-01-14,13600.0,3600.0
173242934,302956647067,2018-12-22,1,10000.0,36.0,45,2019-02-05,2019-01-17,13600.0,3600.0
485631936,303034414765,2019-01-12,1,10000.0,36.0,45,2019-02-26,2019-01-16,13600.0,3600.0
414875904,302985388890,2018-12-31,1,10000.0,36.0,45,2019-02-14,2019-01-03,13600.0,3600.0
922297391,303027791625,2019-01-10,1,10000.0,36.0,45,2019-02-24,2019-01-11,13600.0,3600.0
865199829,302926259218,2018-12-14,1,10000.0,36.0,45,2019-01-28,2018-12-28,13600.0,3600.0
041278018,302951601818,2018-12-21,1,10000.0,36.0,45,2019-02-04,2018-12-28,13600.0,3600.0
312081117,302966215745,2018-12-25,1,10000.0,36.0,45,2019-02-08,2018-12-28,13600.0,3600.0
856309722,302918012647,2018-12-12,1,10000.0,36.0,45,2019-01-26,2019-01-03,13600.0,3600.0
289931975,302926601256,2018-12-14,1,10000.0,36.0,45,2019-01-28,2019-01-10,13600.0,3600.0
020230294,302922102533,2018-12-13,1,10000.0,36.0,45,2019-01-27,2019-01-08,13600.0,3600.0
068717588,302962380918,2018-12-24,12,7500.0,20.0,30,2019-01-23,2019-01-16,9000.0,1500.0
741491337,302955971126,2018-12-22,5,33000.0,12.5,90,2019-03-21,2019-01-12,37125.0,4125.0
061340158,302962530465,2018-12-24,2,30000.0,10.0,60,2019-02-23,2019-01-08,33000.0,3000.0
630284783,302972469259,2018-12-27,4,30000.0,10.0,60,2019-02-26,2019-01-08,33000.0,3000.0
980496924,302960218713,2018-12-23,4,30000.0,10.0,60,2019-02-22,2019-01-02,33000.0,3000.0
679771050,302990665089,2019-01-01,3,30000.0,10.0,60,2019-02-28,2019-01-17,33000.0,3000.0
811187399,303024753824,2019-01-10,2,30000.0,10.0,60,2019-03-09,2019-01-12,33000.0,3000.0
336652624,302994887867,2019-01-02,5,17000.0,15.0,60,2019-03-02,2019-01-05,19550.0,2550.0
509179217,PP2974226046,2018-12-28,2,25500.0,6.0,90,2019-03-27,2019-01-06,27030.0,1530.0
649648748,302941313650,2018-12-18,1,7000.0,36.0,45,2019-02-01,2018-12-18,9520.0,2520.0
616511010,302948276436,2018-12-20,3,10500.0,20.0,30,2019-01-19,2019-01-15,12600.0,2100.0
737467943,302950487636,2018-12-21,1,30000.0,12.0,120,2019-04-20,2019-01-15,33600.0,3600.0
328354884,303002272760,2019-01-04,1,11000.0,15.0,15,2019-01-19,2019-01-16,12650.0,1650.0
198578303,302964929715,2018-12-25,3,25000.0,15.0,60,2019-02-24,2019-01-07,28750.0,3750.0
215022887,302942751460,2018-12-19,3,25000.0,15.0,60,2019-02-18,2019-01-15,28750.0,3750.0
177536254,302959738672,2018-12-23,3,25000.0,15.0,60,2019-02-22,2018-12-31,28750.0,3750.0
598198156,302990121366,2019-01-01,3,25000.0,15.0,60,2019-02-28,2019-01-05,28750.0,3750.0
936409283,302984640690,2018-12-31,4,25000.0,15.0,60,2019-02-28,2019-01-11,28750.0,3750.0
543523984,302966906735,2018-12-25,3,25000.0,15.0,60,2019-02-24,2019-01-08,28750.0,3750.0
261685411,302956044263,2018-12-22,5,150000.0,5.0,180,2019-06-21,2019-01-16,157500.0,7500.0
906599572,302942264217,2018-12-19,10,100000.0,5.0,180,2019-06-18,2019-01-10,105000.0,5000.0
530073424,302962521615,2018-12-24,3,7000.0,12.5,30,2019-01-23,2018-12-29,7875.0,875.0
295549944,302949837104,2018-12-20,1,7000.0,30.0,30,2019-01-19,2018-12-29,9100.0,2100.0
758557738,302963817158,2018-12-24,4,56000.0,5.0,180,2019-06-23,2019-01-10,58800.0,2800.0
800489714,302962436131,2018-12-24,4,45000.0,10.0,90,2019-03-23,2019-01-16,49500.0,4500.0
184038584,302910269862,2018-12-11,1,10000.0,27.0,45,2019-01-25,2018-12-12,12700.0,2700.0
034723065,302942895073,2018-12-19,1,10000.0,27.0,45,2019-02-02,2018-12-20,12700.0,2700.0
891480762,302964968621,2018-12-25,1,10000.0,27.0,45,2019-02-08,2019-01-15,12700.0,2700.0
453703877,302905895238,2018-12-10,1,10000.0,27.0,45,2019-01-24,2018-12-14,12700.0,2700.0
132358584,302908074471,2018-12-10,1,10000.0,27.0,45,2019-01-24,2019-01-14,12700.0,2700.0
036932800,302972432686,2018-12-27,1,10000.0,27.0,45,2019-02-10,2019-01-13,12700.0,2700.0
019635549,302917664470,2018-12-12,1,10000.0,27.0,45,2019-01-26,2019-01-03,12700.0,2700.0
368195153,302913584188,2018-12-11,1,10000.0,27.0,45,2019-01-25,2018-12-18,12700.0,2700.0
602866956,302905080538,2018-12-10,1,10000.0,27.0,45,2019-01-24,2019-01-05,12700.0,2700.0
388018898,302964582236,2018-12-25,1,10000.0,27.0,45,2019-02-08,2018-12-30,12700.0,2700.0
224537432,302965518399,2018-12-25,14,61000.0,7.5,180,2019-06-24,2019-01-09,65575.0,4575.0
208599886,302980534437,2018-12-29,11,29000.0,20.0,60,2019-02-28,2019-01-09,34800.0,5800.0
779876788,302941745484,2018-12-19,11,18000.0,15.0,60,2019-02-18,2018-12-28,20700.0,2700.0
950972965,302981881135,2018-12-30,4,30000.0,12.5,90,2019-03-29,2019-01-17,33750.0,3750.0
205562758,302963308813,2018-12-24,2,30000.0,12.5,90,2019-03-23,2019-01-11,33750.0,3750.0
507499474,302943388045,2018-12-19,4,22000.0,12.5,60,2019-02-18,2019-01-17,24750.0,2750.0
398912118,302985632280,2018-12-31,4,30000.0,12.5,90,2019-03-30,2019-01-09,33750.0,3750.0
299340420,302969727919,2018-12-26,4,22000.0,15.0,60,2019-02-25,2019-01-15,25300.0,3300.0
384319885,302913031588,2018-12-11,1,9000.0,36.0,45,2019-01-25,2018-12-26,12240.0,3240.0
480020599,302913790959,2018-12-11,1,9000.0,36.0,45,2019-01-25,2019-01-10,12240.0,3240.0
809955622,302915342136,2018-12-12,1,9000.0,36.0,45,2019-01-26,2019-01-09,12240.0,3240.0
082418937,302983395636,2018-12-30,1,40000.0,12.0,120,2019-04-29,2019-01-17,44800.0,4800.0
862529106,303042290592,2019-01-14,3,18000.0,36.0,45,2019-02-28,2019-01-15,24480.0,6480.0
116521381,303031771400,2019-01-11,2,18000.0,36.0,45,2019-02-25,2019-01-16,24480.0,6480.0
804242944,302944687999,2018-12-19,5,8500.0,20.0,30,2019-01-18,2019-01-02,10200.0,1700.0
674284310,302949028176,2018-12-20,1,30000.0,9.0,120,2019-04-19,2018-12-23,32700.0,2700.0
407415399,302986284868,2018-12-31,26,34000.0,10.0,60,2019-02-28,2019-01-12,37400.0,3400.0
105408921,302953351310,2018-12-21,4,60000.0,7.5,90,2019-03-20,2019-01-17,64500.0,4500.0
478116134,302986850459,2018-12-31,6,66000.0,5.0,180,2019-06-30,2019-01-03,69300.0,3300.0
844074311,302948849199,2018-12-20,8,22000.0,15.0,60,2019-02-19,2019-01-16,25300.0,3300.0
150910550,302954940673,2018-12-22,2,22000.0,15.0,60,2019-02-21,2019-01-03,25300.0,3300.0
218427265,302948369620,2018-12-20,2,22000.0,15.0,60,2019-02-19,2019-01-15,25300.0,3300.0
910404278,302972353401,2018-12-27,3,22000.0,15.0,60,2019-02-26,2019-01-13,25300.0,3300.0
863358949,302947468054,2018-12-20,2,22000.0,15.0,60,2019-02-19,2018-12-22,25300.0,3300.0
350140551,302971743560,2018-12-27,2,22000.0,15.0,60,2019-02-26,2019-01-17,25300.0,3300.0
690719300,302962523923,2018-12-24,2,22000.0,15.0,60,2019-02-23,2019-01-11,25300.0,3300.0
379664155,302990031916,2019-01-01,2,22000.0,15.0,60,2019-02-28,2019-01-17,25300.0,3300.0
766720830,302981980183,2018-12-30,2,22000.0,15.0,60,2019-02-28,2019-01-14,25300.0,3300.0
949476279,302971022019,2018-12-27,2,22000.0,15.0,60,2019-02-26,2018-12-28,25300.0,3300.0
261127873,303053252822,2019-01-16,3,1500.0,15.0,15,2019-01-31,2019-01-16,1725.0,225.0
668537292,303052383846,2019-01-16,1,1500.0,15.0,15,2019-01-31,2019-01-17,1725.0,225.0
205732484,303051518868,2019-01-16,3,1500.0,15.0,15,2019-01-31,2019-01-16,1725.0,225.0
398915765,303033449256,2019-01-12,1,3000.0,15.0,15,2019-01-27,2019-01-12,3450.0,450.0
119992550,303049435581,2019-01-15,2,3000.0,15.0,15,2019-01-30,2019-01-17,3450.0,450.0
540480049,303041773104,2019-01-14,2,3000.0,15.0,15,2019-01-29,2019-01-15,3450.0,450.0
093302124,303052277037,2019-01-16,2,3000.0,15.0,15,2019-01-31,2019-01-17,3450.0,450.0
639945193,303050065158,2019-01-15,2,3000.0,15.0,15,2019-01-30,2019-01-16,3450.0,450.0
251240059,303017206278,2019-01-08,1,3000.0,15.0,15,2019-01-23,2019-01-13,3450.0,450.0
347322052,303025495880,2019-01-10,1,3000.0,15.0,15,2019-01-25,2019-01-10,3450.0,450.0
299189128,303028242264,2019-01-10,1,3000.0,15.0,15,2019-01-25,2019-01-14,3450.0,450.0
806049100,303041229350,2019-01-14,2,3000.0,15.0,15,2019-01-29,2019-01-16,3450.0,450.0
028172409,303043222083,2019-01-14,2,3000.0,15.0,15,2019-01-30,2019-01-16,3450.0,450.0
848058684,303044730372,2019-01-15,2,3000.0,15.0,15,2019-01-30,2019-01-17,3450.0,450.0
330339394,302999440248,2019-01-04,5,12000.0,15.0,30,2019-02-03,2019-01-11,13800.0,1800.0
756434895,303050075054,2019-01-15,1,2000.0,15.0,15,2019-01-30,2019-01-17,2300.0,300.0
887089982,303019386533,2019-01-08,1,4000.0,15.0,15,2019-01-23,2019-01-16,4600.0,600.0
089568666,303029338115,2019-01-11,7,4000.0,15.0,15,2019-01-26,2019-01-12,4600.0,600.0
839538130,303003949449,2019-01-04,6,4000.0,15.0,15,2019-01-19,2019-01-16,4600.0,600.0
831244758,302967040920,2018-12-25,3,16000.0,15.0,30,2019-01-24,2019-01-17,18400.0,2400.0
883846343,302965507362,2018-12-25,17,10000.0,12.5,30,2019-01-24,2018-12-25,11250.0,1250.0
986396048,303046596157,2019-01-15,9,10000.0,12.5,30,2019-02-14,2019-01-15,11250.0,1250.0
159789592,302969832910,2018-12-26,2,20000.0,12.5,30,2019-01-25,2019-01-04,22500.0,2500.0
087890191,302960198249,2018-12-23,1,10000.0,12.6,30,2019-01-22,2018-12-23,11260.0,1260.0
994299516,302951661230,2018-12-21,2,144000.0,7.5,180,2019-06-20,2019-01-14,154800.0,10800.0
597962950,302989336359,2019-01-01,4,48000.0,7.5,180,2019-06-30,2019-01-14,51600.0,3600.0
506446040,303007174745,2019-01-05,5,28500.0,12.5,60,2019-03-04,2019-01-09,32062.5,3562.5
462977643,302954693293,2018-12-22,4,30000.0,12.5,90,2019-03-21,2018-12-26,33750.0,3750.0
219872482,302947651089,2018-12-20,1,18500.0,20.1,60,2019-02-19,2019-01-16,22218.5,3718.5
252182066,302986219733,2018-12-31,1,18500.0,20.1,60,2019-02-28,2019-01-17,22218.5,3718.5
734843109,303005903881,2019-01-05,1,21000.0,9.9,90,2019-04-04,2019-01-09,23079.0,2079.0
499502826,302966376363,2018-12-25,5,14500.0,12.5,60,2019-02-24,2018-12-29,16312.5,1812.5
651826372,302969621982,2018-12-26,4,34500.0,12.5,90,2019-03-25,2018-12-27,38812.5,4312.5
576015623,302959219501,2018-12-23,4,37500.0,12.5,90,2019-03-22,2019-01-15,42187.5,4687.5
274516838,302982638060,2018-12-30,6,37500.0,12.5,90,2019-03-29,2019-01-04,42187.5,4687.5
720183453,302962920350,2018-12-24,8,59000.0,12.5,90,2019-03-23,2019-01-08,66375.0,7375.0
776776360,PP2951155075,2018-12-21,6,62500.0,6.0,90,2019-03-20,2019-01-08,66250.0,3750.0
214980746,302949209220,2018-12-20,3,20500.0,15.0,60,2019-02-19,2019-01-12,23575.0,3075.0
668181902,302946851915,2018-12-20,2,23000.0,12.5,60,2019-02-19,2018-12-31,25875.0,2875.0
791833451,303000707258,2019-01-04,2,23000.0,12.5,60,2019-03-03,2019-01-04,25875.0,2875.0
580559296,302944213741,2018-12-19,2,23000.0,12.5,60,2019-02-18,2019-01-16,25875.0,2875.0
996484488,302944030934,2018-12-19,2,23000.0,12.5,60,2019-02-18,2019-01-04,25875.0,2875.0
503933726,302948971105,2018-12-20,2,23000.0,12.5,60,2019-02-19,2019-01-11,25875.0,2875.0
656701354,302962318293,2018-12-24,7,36000.0,12.5,90,2019-03-23,2018-12-28,40500.0,4500.0
270655037,302941770088,2018-12-19,4,45000.0,7.5,180,2019-06-18,2019-01-14,48375.0,3375.0
975693274,302991383982,2019-01-02,1,40500.0,12.0,120,2019-05-02,2019-01-03,45360.0,4860.0
053069742,303021415601,2019-01-09,1,40500.0,12.0,120,2019-05-08,2019-01-09,45360.0,4860.0
398717226,302999824068,2019-01-04,1,40500.0,12.0,120,2019-05-03,2019-01-04,45360.0,4860.0
888520010,302958616201,2018-12-23,2,30000.0,12.5,60,2019-02-22,2019-01-11,33750.0,3750.0
210293202,302989099820,2019-01-01,5,30000.0,12.5,60,2019-02-28,2019-01-11,33750.0,3750.0
234846952,302952511627,2018-12-21,2,22000.0,7.5,90,2019-03-20,2018-12-27,23650.0,1650.0
560137064,302962698064,2018-12-24,8,9500.0,15.0,30,2019-01-23,2019-01-16,10925.0,1425.0
491729006,302997558528,2019-01-03,7,9500.0,15.0,30,2019-02-02,2019-01-15,10925.0,1425.0
833657567,302979093769,2018-12-29,2,25000.0,15.0,60,2019-02-28,2018-12-29,28750.0,3750.0
230082370,302946479870,2018-12-20,12,14500.0,15.0,60,2019-02-19,2019-01-16,16675.0,2175.0
999996261,302979996207,2018-12-29,3,14500.0,15.0,60,2019-02-28,2019-01-11,16675.0,2175.0
248270781,302966515561,2018-12-25,4,14500.0,15.0,60,2019-02-24,2019-01-16,16675.0,2175.0
587751420,302955762895,2018-12-22,2,14500.0,15.0,60,2019-02-21,2019-01-04,16675.0,2175.0
650949033,302961705620,2018-12-24,1,7000.0,20.1,30,2019-01-23,2019-01-10,8407.0,1407.0
583762681,302950897904,2018-12-21,2,7000.0,20.1,30,2019-01-20,2018-12-30,8407.0,1407.0
247393684,302947058120,2018-12-20,1,7000.0,20.1,30,2019-01-19,2018-12-27,8407.0,1407.0
776053836,303016594017,2019-01-08,2,15000.0,12.6,30,2019-02-07,2019-01-10,16890.0,1890.0
349765210,302973534964,2018-12-27,1,15000.0,12.6,30,2019-01-26,2019-01-10,16890.0,1890.0
634314287,302958213262,2018-12-23,2,15000.0,12.6,30,2019-01-22,2019-01-11,16890.0,1890.0
597962950,302953957399,2018-12-21,3,22000.0,12.5,90,2019-03-20,2019-01-01,24750.0,2750.0
097406230,303019879787,2019-01-08,4,45000.0,10.0,90,2019-04-07,2019-01-10,49500.0,4500.0
880573892,302941517464,2018-12-19,4,45000.0,10.0,90,2019-03-18,2019-01-16,49500.0,4500.0
580159581,303033845486,2019-01-12,2,10500.0,15.0,15,2019-01-27,2019-01-12,12075.0,1575.0
132915741,302943406302,2018-12-19,6,39500.0,10.0,90,2019-03-18,2019-01-07,43450.0,3950.0
965021101,302960056360,2018-12-23,1,11000.0,20.1,30,2019-01-22,2018-12-29,13211.0,2211.0
640671445,302993167103,2019-01-02,1,11000.0,20.1,30,2019-02-01,2019-01-17,13211.0,2211.0
940922740,302967065632,2018-12-25,1,11000.0,20.1,30,2019-01-24,2019-01-04,13211.0,2211.0
643625688,302954929931,2018-12-22,1,11000.0,20.1,30,2019-01-21,2019-01-10,13211.0,2211.0
518534979,302980186805,2018-12-29,1,11000.0,20.1,30,2019-01-28,2019-01-11,13211.0,2211.0
765326290,303002732880,2019-01-04,1,11000.0,20.1,30,2019-02-03,2019-01-08,13211.0,2211.0
810850343,303007566214,2019-01-05,1,11000.0,20.1,30,2019-02-04,2019-01-16,13211.0,2211.0
380878564,302970898174,2018-12-27,1,11000.0,20.1,30,2019-01-26,2019-01-15,13211.0,2211.0
712195266,302968394730,2018-12-26,3,11000.0,20.1,30,2019-01-25,2019-01-16,13211.0,2211.0
667955858,302955379055,2018-12-22,1,11000.0,20.1,30,2019-01-21,2019-01-02,13211.0,2211.0
259405196,302955856060,2018-12-22,1,11000.0,20.1,30,2019-01-21,2019-01-11,13211.0,2211.0
864875725,303019548646,2019-01-08,1,11000.0,20.1,30,2019-02-07,2019-01-15,13211.0,2211.0
518233685,302943636025,2018-12-19,1,11000.0,20.1,30,2019-01-18,2019-01-15,13211.0,2211.0
501677576,302951617083,2018-12-21,1,11000.0,20.1,30,2019-01-20,2019-01-12,13211.0,2211.0
967514375,302995858027,2019-01-03,1,11000.0,20.1,30,2019-02-02,2019-01-13,13211.0,2211.0
347033535,302942194981,2018-12-19,1,11500.0,15.0,30,2019-01-18,2019-01-03,13225.0,1725.0
268766947,302974527948,2018-12-28,2,11500.0,15.0,30,2019-01-27,2019-01-07,13225.0,1725.0
983881420,302962386259,2018-12-24,3,15000.0,15.0,30,2019-01-23,2019-01-09,17250.0,2250.0
585350885,303033121467,2019-01-12,2,15000.0,15.0,15,2019-01-27,2019-01-16,17250.0,2250.0
740686093,302942697065,2018-12-19,2,15000.0,15.0,30,2019-01-18,2018-12-29,17250.0,2250.0
011779914,302957435869,2018-12-22,2,15000.0,15.0,30,2019-01-21,2018-12-27,17250.0,2250.0
563269462,302961675501,2018-12-24,1,17000.0,12.6,90,2019-03-23,2018-12-24,19142.0,2142.0
658651954,302955117435,2018-12-22,11,57000.0,7.5,180,2019-06-21,2019-01-07,61275.0,4275.0
577187026,302947595774,2018-12-20,1,11500.0,19.8,45,2019-02-03,2019-01-03,13777.0,2277.0
079924774,302946227565,2018-12-20,1,11500.0,19.8,45,2019-02-03,2018-12-20,13777.0,2277.0
204567625,302970820883,2018-12-27,1,11500.0,19.8,45,2019-02-10,2019-01-10,13777.0,2277.0
933269719,302940728345,2018-12-18,1,11500.0,19.8,45,2019-02-01,2018-12-29,13777.0,2277.0
840847984,302957457978,2018-12-22,2,11500.0,19.8,45,2019-02-05,2018-12-31,13777.0,2277.0
081767649,302947649113,2018-12-20,14,27500.0,12.5,90,2019-03-19,2019-01-02,30937.5,3437.5
967249899,302982216343,2018-12-30,8,18500.0,7.5,90,2019-03-29,2019-01-09,19887.5,1387.5
583646050,302983205356,2018-12-30,4,45000.0,7.5,90,2019-03-29,2019-01-04,48375.0,3375.0
826732708,302943744853,2018-12-19,4,34500.0,12.5,90,2019-03-18,2019-01-15,38812.5,4312.5
639034923,302967047480,2018-12-25,3,34500.0,12.5,90,2019-03-24,2019-01-06,38812.5,4312.5
231927458,302944694344,2018-12-19,4,34500.0,12.5,90,2019-03-18,2019-01-17,38812.5,4312.5
701485745,302983849421,2018-12-30,3,34500.0,12.5,90,2019-03-29,2019-01-06,38812.5,4312.5
880859347,302994302644,2019-01-02,3,34500.0,12.5,90,2019-04-01,2019-01-14,38812.5,4312.5
204891012,303007024466,2019-01-05,2,47500.0,10.0,90,2019-04-04,2019-01-14,52250.0,4750.0
268445287,302958911050,2018-12-23,1,31000.0,20.1,60,2019-02-22,2019-01-05,37231.0,6231.0
548574074,302949499616,2018-12-20,7,124500.0,5.0,180,2019-06-19,2019-01-07,130725.0,6225.0
011118287,302956199195,2018-12-22,5,64500.0,7.5,180,2019-06-21,2019-01-14,69337.5,4837.5
458715758,302977008806,2018-12-28,6,86000.0,7.5,180,2019-06-27,2019-01-08,92450.0,6450.0
198880903,302975813350,2018-12-28,2,15000.0,12.5,30,2019-01-27,2019-01-10,16875.0,1875.0
857418465,302942525895,2018-12-19,1,103000.0,12.0,120,2019-04-18,2019-01-17,115360.0,12360.0
654661034,302978828719,2018-12-29,2,28500.0,7.5,90,2019-03-28,2019-01-15,30637.5,2137.5
770218664,302963725758,2018-12-24,6,30000.0,7.5,90,2019-03-23,2018-12-30,32250.0,2250.0
022877136,302960599485,2018-12-24,4,60000.0,7.5,90,2019-03-23,2019-01-04,64500.0,4500.0
516140389,303033645260,2019-01-12,2,20500.0,19.8,45,2019-02-26,2019-01-12,24559.0,4059.0
466905951,302961335182,2018-12-24,9,46500.0,7.5,90,2019-03-23,2018-12-29,49987.5,3487.5
290597996,302953417405,2018-12-21,8,150000.0,7.5,180,2019-06-20,2019-01-11,161250.0,11250.0
906302363,302981375229,2018-12-30,3,37500.0,12.5,90,2019-03-29,2019-01-07,42187.5,4687.5
597208053,302949126926,2018-12-20,4,37500.0,12.5,90,2019-03-19,2019-01-13,42187.5,4687.5
391701399,302965343156,2018-12-25,3,37500.0,12.5,90,2019-03-24,2019-01-03,42187.5,4687.5
802930691,302960412826,2018-12-23,4,49500.0,7.5,180,2019-06-22,2019-01-09,53212.5,3712.5
163360499,302943016249,2018-12-19,4,166000.0,5.0,180,2019-06-18,2019-01-16,174300.0,8300.0
455226081,302992148055,2019-01-02,10,100000.0,5.0,180,2019-07-01,2019-01-14,105000.0,5000.0
260815447,303017803960,2019-01-08,8,100000.0,5.0,180,2019-07-07,2019-01-11,105000.0,5000.0
501074525,302952572552,2018-12-21,6,100000.0,5.0,180,2019-06-20,2019-01-17,105000.0,5000.0
236783014,302942920288,2018-12-19,10,100000.0,5.0,180,2019-06-18,2019-01-13,105000.0,5000.0
506672730,302961234335,2018-12-24,6,88000.0,5.0,180,2019-06-23,2019-01-15,92400.0,4400.0
357194863,302974063074,2018-12-28,7,44500.0,7.5,180,2019-06-27,2019-01-15,47837.5,3337.5
906518727,302961133573,2018-12-24,4,52000.0,7.5,180,2019-06-23,2019-01-16,55900.0,3900.0
160148592,302943207679,2018-12-19,3,32000.0,12.5,90,2019-03-18,2019-01-17,36000.0,4000.0
022149753,302941896294,2018-12-19,4,40000.0,7.5,180,2019-06-18,2019-01-12,43000.0,3000.0
837615193,302952481204,2018-12-21,5,59500.0,7.5,180,2019-06-20,2019-01-16,63962.5,4462.5
240507310,302962397510,2018-12-24,5,59500.0,7.5,180,2019-06-23,2019-01-13,63962.5,4462.5
834167819,302949522344,2018-12-20,4,30500.0,12.5,90,2019-03-19,2019-01-15,34312.5,3812.5
734399021,302943017796,2018-12-19,3,23000.0,12.5,90,2019-03-18,2018-12-24,25875.0,2875.0
996002932,302944782625,2018-12-19,6,23000.0,12.5,90,2019-03-18,2019-01-16,25875.0,2875.0
827060264,302961774579,2018-12-24,4,61000.0,7.5,180,2019-06-23,2019-01-13,65575.0,4575.0
727513695,302972285011,2018-12-27,4,17000.0,12.5,90,2019-03-26,2019-01-12,19125.0,2125.0
823297150,302941941869,2018-12-19,5,75500.0,5.0,180,2019-06-18,2019-01-17,79275.0,3775.0
170457915,302942134100,2018-12-19,4,39500.0,7.5,180,2019-06-18,2019-01-17,42462.5,2962.5
557689750,302977031932,2018-12-28,11,39500.0,7.5,180,2019-06-27,2019-01-06,42462.5,2962.5
192286872,302943070310,2018-12-19,9,98000.0,5.0,180,2019-06-18,2018-12-20,102900.0,4900.0
043078370,302956188030,2018-12-22,6,77000.0,5.0,180,2019-06-21,2018-12-22,80850.0,3850.0
300621795,302963686658,2018-12-24,5,83000.0,5.0,180,2019-06-23,2019-01-05,87150.0,4150.0
241632839,302951557950,2018-12-21,1,81500.0,7.5,180,2019-06-20,2019-01-11,87612.5,6112.5
846121332,302992632852,2019-01-02,7,100000.0,10.0,90,2019-04-01,2019-01-05,110000.0,10000.0
659633916,303003773577,2019-01-04,7,100000.0,5.0,180,2019-07-03,2019-01-16,105000.0,5000.0
GH96550430,100017786,2018-02-08,5,80.0,15.0,15,2018-02-23,2018-02-23,92.0,12.0
GH37504396,100012838,2018-01-14,1,80.0,15.0,15,2018-01-29,2018-01-29,92.0,12.0
GH54723054,100016807,2018-02-02,2,80.0,15.0,15,2018-02-19,2018-02-16,92.0,12.0
GH47548807,100018275,2018-02-11,2,80.0,15.0,15,2018-02-26,2018-02-28,92.0,12.0
GH84759681,100015781,2018-01-27,2,80.0,15.0,15,2018-02-12,2018-02-12,92.0,12.0
GH35460722,100016172,2018-01-30,5,80.0,15.0,15,2018-02-14,2018-03-01,92.0,12.0
GH04894087,100011235,2018-01-08,2,80.0,15.0,15,2018-01-23,2018-01-22,92.0,12.0
GH42405922,100019919,2018-02-20,5,80.0,15.0,15,2018-03-07,2018-03-04,92.0,12.0
GH62638354,100018341,2018-02-12,5,80.0,15.0,15,2018-02-27,2018-02-26,92.0,12.0
GH27599183,100014393,2018-01-20,1,80.0,15.0,15,2018-02-05,2018-02-05,92.0,12.0
GH00205281,100012492,2018-01-13,1,80.0,15.0,15,2018-01-29,2018-01-29,92.0,12.0
GH94877744,100014182,2018-01-19,2,80.0,15.0,15,2018-02-05,2018-01-29,92.0,12.0
GH77744340,100018807,2018-02-14,2,80.0,15.0,15,2018-03-01,2018-03-01,92.0,12.0
GH27237979,100019864,2018-02-20,4,80.0,15.0,15,2018-03-07,2018-03-03,92.0,12.0
GH14093998,100011729,2018-01-10,1,80.0,15.0,15,2018-01-25,2018-01-23,92.0,12.0
GH00808874,100010319,2018-01-01,2,80.0,15.0,15,2018-01-16,2018-01-15,92.0,12.0
GH11632090,100016184,2018-01-30,3,80.0,15.0,15,2018-02-14,2018-02-15,92.0,12.0
GH56785851,100011067,2018-01-06,3,80.0,15.0,15,2018-01-22,2018-01-22,92.0,12.0
GH85390929,100015715,2018-01-27,2,80.0,15.0,15,2018-02-12,2018-02-16,92.0,12.0
GH29089809,100010564,2018-01-03,3,80.0,15.0,15,2018-01-18,2018-01-11,92.0,12.0
GH07189378,100016700,2018-02-02,1,80.0,15.0,15,2018-02-19,2018-02-09,92.0,12.0
GH62107518,100016384,2018-01-31,1,80.0,15.0,15,2018-02-15,2018-02-15,92.0,12.0
GH72937410,100013596,2018-01-16,1,80.0,15.0,15,2018-01-31,2018-01-30,92.0,12.0
GH04123177,100018999,2018-02-15,4,80.0,15.0,15,2018-03-02,2018-03-01,92.0,12.0
GH77735356,100019922,2018-02-20,2,80.0,15.0,15,2018-03-07,2018-03-05,92.0,12.0
GH94880102,100011731,2018-01-10,1,80.0,15.0,15,2018-01-25,2018-01-26,92.0,12.0
GH16140997,100017184,2018-02-05,5,80.0,15.0,15,2018-02-20,2018-02-19,92.0,12.0
GH06832511,100014400,2018-01-20,1,80.0,15.0,15,2018-02-05,2018-02-14,92.0,12.0
GH79975596,100011450,2018-01-09,1,80.0,15.0,15,2018-01-24,2018-01-18,92.0,12.0
GH91866056,100012296,2018-01-12,1,80.0,15.0,15,2018-01-29,2018-01-18,92.0,12.0
GH25538030,100015037,2018-01-23,1,80.0,15.0,15,2018-02-07,2018-02-07,92.0,12.0
GH56785851,100015821,2018-01-27,4,80.0,15.0,15,2018-02-12,2018-02-11,92.0,12.0
GH26139148,100017099,2018-02-04,2,80.0,15.0,15,2018-02-19,2018-02-27,92.0,12.0
GH12044261,100014862,2018-01-23,2,80.0,15.0,15,2018-02-07,2018-02-06,92.0,12.0
GH03825373,100012495,2018-01-13,1,80.0,15.0,15,2018-01-29,2018-02-13,92.0,12.0
GH16140997,100014473,2018-01-20,4,80.0,15.0,15,2018-02-05,2018-02-04,92.0,12.0
GH21917111,100017509,2018-02-06,4,80.0,15.0,15,2018-02-21,2018-02-17,92.0,12.0
GH72548249,100015748,2018-01-27,2,80.0,15.0,15,2018-02-12,2018-02-09,92.0,12.0
GH84657758,100018622,2018-02-13,2,80.0,15.0,15,2018-02-28,2018-02-27,92.0,12.0
GH02191438,100016410,2018-01-31,4,80.0,15.0,15,2018-02-15,2018-02-12,92.0,12.0
GH63887800,100016727,2018-02-02,2,80.0,15.0,15,2018-02-19,2018-02-25,92.0,12.0
GH26366776,100011949,2018-01-11,1,80.0,15.0,15,2018-01-26,2018-01-16,92.0,12.0
GH47742294,100010287,2018-01-01,3,80.0,15.0,15,2018-01-16,2018-01-15,92.0,12.0
GH50398055,100013230,2018-01-15,4,80.0,15.0,15,2018-01-30,2018-01-27,92.0,12.0
GH54463289,100014198,2018-01-19,1,80.0,15.0,15,2018-02-05,2018-02-05,92.0,12.0
GH33548869,100017816,2018-02-08,5,80.0,15.0,15,2018-02-23,2018-02-21,92.0,12.0
GH53257816,100016201,2018-01-30,4,80.0,15.0,15,2018-02-14,2018-02-14,92.0,12.0
GH30979353,100011970,2018-01-11,1,80.0,15.0,15,2018-01-26,2018-01-26,92.0,12.0
GH71446879,100015687,2018-01-26,2,80.0,15.0,15,2018-02-12,2018-02-12,92.0,12.0
GH26958108,100018993,2018-02-15,2,80.0,15.0,15,2018-03-02,2018-03-02,92.0,12.0
GH25218149,100015383,2018-01-25,5,80.0,15.0,15,2018-02-09,2018-02-09,92.0,12.0
GH36849122,100015722,2018-01-27,1,80.0,15.0,15,2018-02-12,2018-02-06,92.0,12.0
GH63344119,100019898,2018-02-20,4,80.0,15.0,15,2018-03-07,2018-03-07,92.0,12.0
GH11419942,100016528,2018-02-01,2,80.0,15.0,15,2018-02-16,2018-02-15,92.0,12.0
GH33164754,100014274,2018-01-19,5,80.0,15.0,15,2018-02-05,2018-02-12,92.0,12.0
GH33548869,100011364,2018-01-09,3,80.0,15.0,15,2018-01-24,2018-01-24,92.0,12.0
GH28179321,100016682,2018-02-02,5,80.0,15.0,15,2018-02-19,2018-02-28,92.0,12.0
GH96880686,100012940,2018-01-14,1,80.0,15.0,15,2018-01-29,2018-02-17,92.0,12.0
GH80713260,100017839,2018-02-08,4,80.0,15.0,15,2018-02-23,2018-02-27,92.0,12.0
GH61207133,100018984,2018-02-15,4,80.0,15.0,15,2018-03-02,2018-03-02,92.0,12.0
GH85561382,100016417,2018-01-31,3,80.0,15.0,15,2018-02-15,2018-02-13,92.0,12.0
GH65443774,100017210,2018-02-05,6,80.0,15.0,15,2018-02-20,2018-02-20,92.0,12.0
GH11704484,100012388,2018-01-12,3,80.0,15.0,15,2018-01-29,2018-01-29,92.0,12.0
GH75509875,100015465,2018-01-25,1,80.0,15.0,15,2018-02-09,2018-02-09,92.0,12.0
GH28179321,100011014,2018-01-06,4,80.0,15.0,15,2018-01-22,2018-01-31,92.0,12.0
GH59483030,100017217,2018-02-05,5,80.0,15.0,15,2018-02-20,2018-04-04,92.0,12.0
GH81484333,100012258,2018-01-12,1,80.0,15.0,15,2018-01-29,2018-01-24,92.0,12.0
GH00205281,100016094,2018-01-29,2,80.0,15.0,15,2018-02-13,2018-02-27,92.0,12.0
GH16140997,100010829,2018-01-04,3,80.0,15.0,15,2018-01-19,2018-01-19,92.0,12.0
GH04969435,100019662,2018-02-19,6,80.0,15.0,15,2018-03-06,2018-03-06,92.0,12.0
GH96908526,100013425,2018-01-16,3,80.0,15.0,15,2018-01-31,2018-02-19,92.0,12.0
GH27209571,100015634,2018-01-26,5,80.0,15.0,15,2018-02-12,2018-02-11,92.0,12.0
GH98017512,100016651,2018-02-02,1,80.0,15.0,15,2018-02-19,2018-02-14,92.0,12.0
GH46661689,100014131,2018-01-19,3,80.0,15.0,15,2018-02-05,2018-02-05,92.0,12.0
GH19561717,100018120,2018-02-10,1,80.0,15.0,15,2018-02-26,2018-02-23,92.0,12.0
GH68637137,100015409,2018-01-25,1,80.0,15.0,15,2018-02-09,2018-02-09,92.0,12.0
GH25602476,100014889,2018-01-23,1,80.0,15.0,15,2018-02-07,2018-02-06,92.0,12.0
GH91278408,100017825,2018-02-08,2,80.0,15.0,15,2018-02-23,2018-03-29,92.0,12.0
GH73186284,100012603,2018-01-13,1,80.0,15.0,15,2018-01-29,2018-01-27,92.0,12.0
GH44294596,100012797,2018-01-14,2,80.0,15.0,15,2018-01-29,2018-01-24,92.0,12.0
GH99203754,100011121,2018-01-07,2,80.0,15.0,15,2018-01-22,2018-01-10,92.0,12.0
GH06246073,100011069,2018-01-06,4,80.0,15.0,15,2018-01-22,2018-01-24,92.0,12.0
GH63727524,100015090,2018-01-23,1,80.0,15.0,15,2018-02-07,2018-05-28,92.0,12.0
GH37396334,100015185,2018-01-24,2,80.0,15.0,15,2018-02-08,2018-02-08,92.0,12.0
GH84759681,100012614,2018-01-13,1,80.0,15.0,15,2018-01-29,2018-01-27,92.0,12.0
GH44856685,100014222,2018-01-19,4,80.0,15.0,15,2018-02-05,2018-02-02,92.0,12.0
GH70411308,100010323,2018-01-01,2,80.0,15.0,15,2018-01-16,2018-01-15,92.0,12.0
GH69738820,100016004,2018-01-29,1,80.0,15.0,15,2018-02-13,2018-02-12,92.0,12.0
GH44466372,100010781,2018-01-04,2,80.0,15.0,15,2018-01-19,2018-01-17,92.0,12.0
GH46916389,100015224,2018-01-24,4,80.0,15.0,15,2018-02-08,2018-02-08,92.0,12.0
GH45657328,100016105,2018-01-29,5,80.0,15.0,15,2018-02-13,2018-02-13,92.0,12.0
GH03797882,100016354,2018-01-31,1,80.0,15.0,15,2018-02-15,2018-02-15,92.0,12.0
GH38221962,100013906,2018-01-18,5,80.0,15.0,15,2018-02-02,2018-02-02,92.0,12.0
GH14494106,100010525,2018-01-03,2,80.0,15.0,15,2018-01-18,2018-01-18,92.0,12.0
GH05596552,100018167,2018-02-10,5,80.0,15.0,15,2018-02-26,2018-02-24,92.0,12.0
GH73053338,100017085,2018-02-04,1,80.0,15.0,15,2018-02-19,2018-02-19,92.0,12.0
GH00957556,100012589,2018-01-13,1,80.0,15.0,15,2018-01-29,2018-01-26,92.0,12.0
GH51803552,100019534,2018-02-18,6,80.0,15.0,15,2018-03-05,2018-03-05,92.0,12.0
GH82290691,100013411,2018-01-16,5,80.0,15.0,15,2018-01-31,2018-02-01,92.0,12.0
GH44856685,100016872,2018-02-02,5,80.0,15.0,15,2018-02-19,2018-03-05,92.0,12.0
GH59374898,100012029,2018-01-11,2,80.0,15.0,15,2018-01-26,2018-01-23,92.0,12.0
GH45662021,100011257,2018-01-08,1,80.0,15.0,15,2018-01-23,2018-01-22,92.0,12.0
GH80411093,100016078,2018-01-29,3,80.0,15.0,15,2018-02-13,2018-01-29,92.0,12.0
GH51803552,100013619,2018-01-16,4,80.0,15.0,15,2018-01-31,2018-01-30,92.0,12.0
GH80235933,100011938,2018-01-11,2,80.0,15.0,15,2018-01-26,2018-01-26,92.0,12.0
GH24740548,100018129,2018-02-10,1,80.0,15.0,15,2018-02-26,2018-02-28,92.0,12.0
GH08050804,100013699,2018-01-17,4,80.0,15.0,15,2018-02-01,2018-01-31,92.0,12.0
GH12090274,100015783,2018-01-27,1,80.0,15.0,15,2018-02-12,2018-02-12,92.0,12.0
GH05596552,100014362,2018-01-20,4,80.0,15.0,15,2018-02-05,2018-01-30,92.0,12.0
GH81389500,100011950,2018-01-11,1,80.0,15.0,15,2018-01-26,2018-01-24,92.0,12.0
GH12972845,100010543,2018-01-03,2,80.0,15.0,15,2018-01-18,2018-01-15,92.0,12.0
GH55103900,100016564,2018-02-01,3,80.0,15.0,15,2018-02-16,2018-02-14,92.0,12.0
GH13607443,100017892,2018-02-08,5,80.0,15.0,15,2018-02-23,2018-02-23,92.0,12.0
GH30787200,100015230,2018-01-24,1,80.0,15.0,15,2018-02-08,2018-02-08,92.0,12.0
GH49149221,100017435,2018-02-06,5,80.0,15.0,15,2018-02-21,2018-02-19,92.0,12.0
GH05460103,100016792,2018-02-02,1,80.0,15.0,15,2018-02-19,2018-02-11,92.0,12.0
GH59669870,100019643,2018-02-19,4,80.0,15.0,15,2018-03-06,2018-03-04,92.0,12.0
GH74851235,100019887,2018-02-20,3,80.0,15.0,15,2018-03-07,2018-03-06,92.0,12.0
GH87811290,100011265,2018-01-08,2,80.0,15.0,15,2018-01-23,2018-01-21,92.0,12.0
GH46610651,100019842,2018-02-20,2,80.0,15.0,15,2018-03-07,2018-03-06,92.0,12.0
GH41443131,100010650,2018-01-03,1,80.0,15.0,15,2018-01-18,2018-01-11,92.0,12.0
GH79299768,100016823,2018-02-02,2,80.0,15.0,15,2018-02-19,2018-02-16,92.0,12.0
GH60247976,100016005,2018-01-29,3,80.0,15.0,15,2018-02-13,2018-02-12,92.0,12.0
GH61487467,100012028,2018-01-11,4,80.0,15.0,15,2018-01-26,2018-01-26,92.0,12.0
GH92958716,100017248,2018-02-05,5,80.0,15.0,15,2018-02-20,2018-02-19,92.0,12.0
GH67529775,100017455,2018-02-06,2,80.0,15.0,15,2018-02-21,2018-03-05,92.0,12.0
686128144,301784776374,2018-05-22,11,49500.0,10.0,60,2018-07-21,2018-06-22,54450.0,4950.0
672963859,302957705,2018-03-22,5,49500.0,10.0,60,2018-05-21,2018-03-30,54450.0,4950.0
936421926,302775130,2018-02-13,2,49500.0,10.0,60,2018-04-15,2018-04-13,54450.0,4950.0
686128144,303021822,2018-04-05,9,49500.0,10.0,60,2018-06-05,2018-05-02,54450.0,4950.0
717911405,302826763,2018-02-23,7,49500.0,10.0,60,2018-04-25,2018-03-26,54450.0,4950.0
200169952,302858911,2018-03-01,8,49500.0,10.0,60,2018-04-30,2018-04-05,54450.0,4950.0
686128144,303156871,2018-05-02,10,49500.0,10.0,60,2018-07-01,2018-05-22,54450.0,4950.0
686128144,302812940,2018-02-21,6,49500.0,10.0,60,2018-04-23,2018-03-05,54450.0,4950.0
769940937,302720234,2018-02-01,22,49500.0,10.0,60,2018-04-03,2018-03-03,54450.0,4950.0
491906090,302760645,2018-02-10,8,20500.0,10.0,60,2018-04-12,2018-03-13,22550.0,2050.0
418252732,302588129,2018-01-04,22,41000.0,10.0,60,2018-03-05,2018-02-01,45100.0,4100.0
987534954,302826745524,2018-11-26,5,20500.0,20.0,60,2019-01-26,2019-01-15,24600.0,4100.0
027321344,302408442620,2018-09-16,4,20500.0,20.0,60,2018-11-17,2018-11-06,24600.0,4100.0
739546510,302060935730,2018-07-17,6,20500.0,20.0,60,2018-09-16,2018-12-22,24600.0,4100.0
051964302,302344421107,2018-09-06,4,20500.0,20.0,60,2018-11-06,2018-12-01,24600.0,4100.0
581719506,302684978834,2018-11-01,5,20500.0,20.0,60,2019-01-02,2019-01-02,24600.0,4100.0
494769212,302427269157,2018-09-20,2,20500.0,20.0,60,2018-11-20,2018-11-19,24600.0,4100.0
827139420,302078898083,2018-07-20,1,20500.0,20.0,60,2018-09-20,2018-08-20,24600.0,4100.0
413662547,302842248,2018-02-27,22,120000.0,5.0,180,2018-08-29,2018-06-26,126000.0,6000.0
926915628,303105156,2018-04-23,11,120000.0,5.0,180,2018-10-23,2018-09-25,126000.0,6000.0
273615965,302851932,2018-02-28,3,120000.0,5.0,180,2018-08-30,2018-08-19,126000.0,6000.0
206067092,301752820633,2018-05-16,4,120000.0,10.0,90,2018-08-15,2018-08-15,132000.0,12000.0
962880828,302803825,2018-02-19,1,7500.0,30.0,30,2018-03-21,2018-02-23,9750.0,2250.0
480083779,302626524,2018-01-12,3,7500.0,30.0,30,2018-02-11,2018-02-13,9750.0,2250.0
344155099,302793677,2018-02-17,2,7500.0,30.0,30,2018-03-19,2018-03-14,9750.0,2250.0
102141899,303114341,2018-04-24,1,7500.0,30.0,30,2018-05-26,2018-05-26,9750.0,2250.0
026133837,302623360,2018-01-12,2,7500.0,30.0,30,2018-02-11,2018-03-24,9750.0,2250.0
344195093,302051680797,2018-07-15,1,7500.0,30.0,30,2018-08-14,2018-08-14,9750.0,2250.0
717368360,302212842511,2018-08-14,2,7500.0,30.0,30,2018-09-13,2018-08-17,9750.0,2250.0
124189650,302607241,2018-01-08,1,7500.0,30.0,30,2018-02-09,2018-03-30,9750.0,2250.0
643450202,302696967,2018-01-27,1,7500.0,30.0,30,2018-02-26,2018-03-01,9750.0,2250.0
061452364,302528776595,2018-10-06,2,7500.0,30.0,30,2018-11-05,2018-11-14,9750.0,2250.0
872284600,302732236,2018-02-04,1,7500.0,30.0,30,2018-03-06,2018-03-06,9750.0,2250.0
383789899,302833086,2018-02-25,1,7500.0,30.0,30,2018-03-29,2018-04-12,9750.0,2250.0
240588571,303056683,2018-04-13,2,7500.0,30.0,30,2018-05-13,2018-05-11,9750.0,2250.0
339095931,302379245789,2018-09-12,2,7500.0,30.0,30,2018-10-12,2018-10-31,9750.0,2250.0
091351436,302832471,2018-02-25,1,7500.0,30.0,30,2018-03-27,2018-04-24,9750.0,2250.0
683225743,302072465932,2018-07-19,5,7500.0,30.0,30,2018-08-20,2018-09-25,9750.0,2250.0
952956668,302182114604,2018-08-09,2,7500.0,30.0,30,2018-09-08,2018-09-04,9750.0,2250.0
530961303,302716663,2018-01-31,2,7500.0,30.0,30,2018-03-02,2018-03-07,9750.0,2250.0
866631249,302505307482,2018-10-03,1,7500.0,30.0,30,2018-11-02,2018-10-30,9750.0,2250.0
169241090,302773546,2018-02-13,1,7500.0,30.0,30,2018-03-15,2018-02-27,9750.0,2250.0
974013962,302583090,2018-01-02,1,7500.0,30.0,30,2018-02-04,2018-03-06,9750.0,2250.0
613853278,301904273910,2018-06-14,2,7500.0,30.0,30,2018-07-16,2018-07-11,9750.0,2250.0
751741585,303138149,2018-04-28,1,7500.0,30.0,30,2018-05-28,2018-07-28,9750.0,2250.0
075935783,302585615,2018-01-03,2,7500.0,30.0,30,2018-02-02,2018-01-28,9750.0,2250.0
821162983,303083401,2018-04-18,3,7500.0,30.0,30,2018-05-18,2018-05-08,9750.0,2250.0
795344804,302732573,2018-02-04,2,7500.0,30.0,30,2018-03-06,2018-03-06,9750.0,2250.0
305626699,302248112763,2018-08-21,2,7500.0,30.0,30,2018-09-20,2018-10-04,9750.0,2250.0
795037780,301827412140,2018-05-31,3,7500.0,30.0,30,2018-07-02,2018-06-28,9750.0,2250.0
092625651,302741091,2018-02-06,2,7500.0,30.0,30,2018-03-08,2018-05-24,9750.0,2250.0
811183742,302897677,2018-03-09,2,7500.0,30.0,30,2018-04-08,2018-04-24,9750.0,2250.0
608303980,302618640,2018-01-10,2,7500.0,30.0,30,2018-02-09,2018-06-17,9750.0,2250.0
458172778,302629934,2018-01-13,1,7500.0,30.0,30,2018-02-12,2018-02-09,9750.0,2250.0
446009623,303150836,2018-05-01,4,7500.0,30.0,30,2018-05-31,2018-05-30,9750.0,2250.0
834372040,302594326,2018-01-05,2,7500.0,30.0,30,2018-02-04,2018-02-04,9750.0,2250.0
165829910,302694826,2018-01-26,1,7500.0,30.0,30,2018-02-25,2018-02-25,9750.0,2250.0
597913688,302056199372,2018-07-16,7,7500.0,30.0,30,2018-08-15,2018-08-14,9750.0,2250.0
897300565,302745081,2018-02-07,3,7500.0,30.0,30,2018-03-09,2018-03-07,9750.0,2250.0
985959069,302900060,2018-03-09,2,7500.0,30.0,30,2018-04-08,2018-04-09,9750.0,2250.0
246609350,302276241203,2018-08-26,9,7500.0,30.0,30,2018-09-25,2018-08-26,9750.0,2250.0
246004336,302930703,2018-03-16,3,7500.0,30.0,30,2018-04-15,2018-04-01,9750.0,2250.0
576985830,302893272,2018-03-08,2,7500.0,30.0,30,2018-04-07,2018-03-28,9750.0,2250.0
948299347,302846138,2018-02-27,1,7500.0,30.0,30,2018-03-29,2018-02-28,9750.0,2250.0
014785142,302827843,2018-02-23,1,7500.0,30.0,30,2018-03-26,2018-04-05,9750.0,2250.0
182431068,302625317,2018-01-12,1,7500.0,30.0,30,2018-02-11,2018-02-09,9750.0,2250.0
465143167,301963895658,2018-06-27,3,7500.0,30.0,30,2018-07-27,2018-07-27,9750.0,2250.0
581512555,302632163,2018-01-14,1,7500.0,30.0,30,2018-02-13,2018-02-12,9750.0,2250.0
056957893,303009442,2018-04-03,6,7500.0,30.0,30,2018-05-03,2018-05-03,9750.0,2250.0
316591772,302918972923,2018-12-12,1,7500.0,30.0,30,2019-01-11,2019-01-14,9750.0,2250.0
449220170,302691867,2018-01-26,1,7500.0,30.0,30,2018-02-25,2018-02-20,9750.0,2250.0
507362138,302699508,2018-01-27,3,7500.0,30.0,30,2018-02-26,2018-02-22,9750.0,2250.0
397766949,302739730,2018-02-06,1,7500.0,30.0,30,2018-03-08,2018-03-03,9750.0,2250.0
597976785,302790728,2018-02-16,1,7500.0,30.0,30,2018-03-19,2018-03-12,9750.0,2250.0
153064200,302969551,2018-03-25,2,7500.0,30.0,30,2018-04-24,2018-04-15,9750.0,2250.0
638043477,302816182,2018-02-21,1,7500.0,30.0,30,2018-03-23,2018-04-01,9750.0,2250.0
811745458,302621288,2018-01-11,1,7500.0,30.0,30,2018-02-11,2018-02-11,9750.0,2250.0
996512882,302844250,2018-02-27,2,7500.0,30.0,30,2018-03-29,2018-03-27,9750.0,2250.0
397718724,302792431052,2018-11-20,4,15000.0,15.0,60,2019-01-20,2018-12-20,17250.0,2250.0
343494445,303190746,2018-05-08,2,7500.0,30.0,30,2018-06-07,2018-06-03,9750.0,2250.0
489262950,302698247,2018-01-27,1,7500.0,30.0,30,2018-02-27,2018-04-01,9750.0,2250.0
610780825,302723768,2018-02-02,3,7500.0,30.0,30,2018-03-04,2018-03-04,9750.0,2250.0
271731449,303063868,2018-04-14,2,7500.0,30.0,30,2018-05-14,2018-05-07,9750.0,2250.0
556992460,302808044,2018-02-20,1,7500.0,30.0,30,2018-03-22,2018-03-15,9750.0,2250.0
837435735,302692424,2018-01-26,1,7500.0,30.0,30,2018-02-25,2018-03-03,9750.0,2250.0
052550940,302864554,2018-03-02,2,7500.0,30.0,30,2018-04-01,2018-04-01,9750.0,2250.0
096902186,302613991,2018-01-09,2,7500.0,30.0,30,2018-02-08,2018-02-05,9750.0,2250.0
943138001,302702257,2018-01-28,2,7500.0,30.0,30,2018-02-27,2018-02-28,9750.0,2250.0
931527895,301728305588,2018-05-11,4,7500.0,30.0,30,2018-06-11,2018-06-05,9750.0,2250.0
220607228,302770541,2018-02-12,1,7500.0,30.0,30,2018-03-16,2018-03-09,9750.0,2250.0
445406861,301738416810,2018-05-14,2,7500.0,30.0,30,2018-06-13,2018-05-31,9750.0,2250.0
180947579,302407373000,2018-09-16,1,7500.0,30.0,30,2018-10-16,2018-09-26,9750.0,2250.0
516048010,302803737,2018-02-19,2,7500.0,30.0,30,2018-03-21,2018-04-01,9750.0,2250.0
201624810,303174940,2018-05-05,4,7500.0,30.0,30,2018-06-04,2018-06-03,9750.0,2250.0
658762253,302644824,2018-01-17,1,7500.0,30.0,30,2018-02-16,2018-02-16,9750.0,2250.0
008294069,302529136655,2018-10-07,2,7500.0,30.0,30,2018-11-06,2018-11-06,9750.0,2250.0
812533952,302769939,2018-02-12,1,7500.0,30.0,30,2018-03-14,2018-03-08,9750.0,2250.0
243041257,302688619,2018-01-25,1,7500.0,30.0,30,2018-02-26,2018-06-08,9750.0,2250.0
363332293,303022963,2018-04-05,3,7500.0,30.0,30,2018-05-05,2018-05-05,9750.0,2250.0
925857436,302639299,2018-01-16,1,7500.0,30.0,30,2018-02-15,2018-02-01,9750.0,2250.0
860516524,302572946881,2018-10-14,1,7500.0,30.0,30,2018-11-13,2018-11-11,9750.0,2250.0
743197176,302817798,2018-02-22,3,7500.0,30.0,30,2018-03-24,2018-03-24,9750.0,2250.0
818118272,303006969,2018-04-02,6,7500.0,30.0,30,2018-05-02,2018-05-25,9750.0,2250.0
142887567,302724839,2018-02-02,1,7500.0,30.0,30,2018-03-04,2018-02-28,9750.0,2250.0
679454569,302940113999,2018-12-18,2,7500.0,30.0,30,2019-01-17,2019-01-17,9750.0,2250.0
201404479,302851167206,2018-11-30,1,7500.0,30.0,30,2018-12-30,2018-12-25,9750.0,2250.0
273104703,302397291847,2018-09-14,1,7500.0,30.0,30,2018-10-14,2018-10-14,9750.0,2250.0
630308039,302814053,2018-02-21,1,7500.0,30.0,30,2018-03-24,2018-03-15,9750.0,2250.0
533498921,302423982829,2018-09-19,1,7500.0,30.0,30,2018-10-19,2018-12-18,9750.0,2250.0
321334320,301939225557,2018-06-21,2,7500.0,30.0,30,2018-07-23,2018-07-18,9750.0,2250.0
409097950,302595626,2018-01-05,2,7500.0,30.0,30,2018-02-04,2018-01-31,9750.0,2250.0
977761236,303076705,2018-04-17,2,7500.0,30.0,30,2018-05-17,2018-05-14,9750.0,2250.0
095194701,303127515,2018-04-27,2,7500.0,30.0,30,2018-05-27,2018-06-04,9750.0,2250.0
969384370,302647264,2018-01-17,1,7500.0,30.0,30,2018-02-17,2018-02-01,9750.0,2250.0
376652492,302869222,2018-03-03,2,7500.0,30.0,30,2018-04-02,2018-04-02,9750.0,2250.0
203874550,302854721,2018-03-01,1,7500.0,30.0,30,2018-03-31,2018-03-31,9750.0,2250.0
154461223,302494941048,2018-10-01,1,7500.0,30.0,30,2018-10-31,2018-10-31,9750.0,2250.0
487460260,302865925,2018-03-02,2,7500.0,30.0,30,2018-04-01,2018-03-29,9750.0,2250.0
383163813,302740820327,2018-11-11,1,7500.0,30.0,30,2018-12-11,2018-12-17,9750.0,2250.0
700124626,302288751915,2018-08-28,8,7500.0,30.0,30,2018-09-27,2018-09-27,9750.0,2250.0
267765126,302386420738,2018-09-13,1,7500.0,30.0,30,2018-10-13,2018-10-13,9750.0,2250.0
356348843,302725162,2018-02-02,1,7500.0,30.0,30,2018-03-04,2018-03-01,9750.0,2250.0
628568744,302714113,2018-01-31,1,7500.0,30.0,30,2018-03-02,2018-03-02,9750.0,2250.0
944172894,302940353241,2018-12-18,8,7500.0,30.0,30,2019-01-17,2018-12-31,9750.0,2250.0
521461298,302670513,2018-01-22,1,7500.0,30.0,30,2018-02-21,2018-02-19,9750.0,2250.0
168744117,302657970168,2018-10-28,1,7500.0,30.0,30,2018-11-27,2018-11-08,9750.0,2250.0
692706844,302921272,2018-03-14,1,7500.0,30.0,30,2018-04-13,2018-04-12,9750.0,2250.0
174909757,302630719,2018-01-13,1,7500.0,30.0,30,2018-02-12,2018-02-05,9750.0,2250.0
683626820,302856063,2018-03-01,2,7500.0,30.0,30,2018-03-31,2018-04-04,9750.0,2250.0
435237355,302617947,2018-01-10,1,7500.0,30.0,30,2018-02-09,2018-02-10,9750.0,2250.0
473301330,302279671694,2018-08-27,1,7500.0,30.0,30,2018-09-26,2018-09-26,9750.0,2250.0
398153860,302687341,2018-01-25,3,7500.0,30.0,30,2018-02-24,2018-02-13,9750.0,2250.0
836564384,302821309,2018-02-22,1,7500.0,30.0,30,2018-03-24,2018-05-20,9750.0,2250.0
524372504,302798812,2018-02-18,2,7500.0,30.0,30,2018-03-20,2018-03-28,9750.0,2250.0
329242992,302799044,2018-02-18,1,7500.0,30.0,30,2018-03-20,2018-03-20,9750.0,2250.0
513230372,302332276504,2018-09-04,1,7500.0,30.0,30,2018-10-04,2018-10-04,9750.0,2250.0
621240534,303048960,2018-04-11,2,7500.0,30.0,30,2018-05-11,2018-05-06,9750.0,2250.0
063476520,302681572,2018-01-24,1,7500.0,30.0,30,2018-02-23,2018-03-03,9750.0,2250.0
385040066,302777897,2018-02-14,2,7500.0,30.0,30,2018-03-16,2018-03-09,9750.0,2250.0
093028153,302652133,2018-01-18,1,7500.0,30.0,30,2018-02-17,2018-03-07,9750.0,2250.0
428519370,302818201,2018-02-22,2,7500.0,30.0,30,2018-03-24,2018-05-21,9750.0,2250.0
503556475,301756602609,2018-05-17,2,7500.0,30.0,30,2018-06-18,2018-05-23,9750.0,2250.0
131407320,302649177,2018-01-17,1,7500.0,30.0,30,2018-02-16,2018-03-26,9750.0,2250.0
946145307,302769039,2018-02-12,2,7500.0,30.0,30,2018-03-14,2018-03-14,9750.0,2250.0
864410140,302580724,2018-01-01,3,7500.0,30.0,30,2018-01-31,2018-02-22,9750.0,2250.0
373307468,302738118,2018-02-05,2,7500.0,30.0,30,2018-03-07,2018-03-06,9750.0,2250.0
933649085,302602968,2018-01-07,1,7500.0,30.0,30,2018-02-06,2018-02-06,9750.0,2250.0
740526591,302597695,2018-01-06,2,7500.0,30.0,30,2018-02-05,2018-01-13,9750.0,2250.0
052831997,302656142,2018-01-19,2,7500.0,30.0,30,2018-02-18,2018-02-11,9750.0,2250.0
466533579,302614199,2018-01-10,2,7500.0,30.0,30,2018-02-09,2018-02-09,9750.0,2250.0
538372166,302345515506,2018-09-06,1,7500.0,30.0,30,2018-10-06,2018-10-08,9750.0,2250.0
235343023,302581861,2018-01-02,1,7500.0,30.0,30,2018-02-02,2018-01-30,9750.0,2250.0
444161217,302938444,2018-03-18,1,7500.0,30.0,30,2018-04-17,2018-07-03,9750.0,2250.0
125230857,302742978281,2018-11-11,6,7500.0,30.0,30,2018-12-11,2018-11-30,9750.0,2250.0
135000586,302720195,2018-02-01,1,7500.0,30.0,30,2018-03-03,2018-03-10,9750.0,2250.0
008625355,302665818860,2018-10-29,2,7500.0,30.0,30,2018-11-28,2018-11-28,9750.0,2250.0
640512689,302730498581,2018-11-09,1,7500.0,30.0,30,2018-12-09,2018-12-09,9750.0,2250.0
929182302,302890974,2018-03-08,2,7500.0,30.0,30,2018-04-07,2018-04-05,9750.0,2250.0
648928832,302908089,2018-03-11,3,7500.0,30.0,30,2018-04-10,2018-04-12,9750.0,2250.0
324023767,302603341,2018-01-07,1,7500.0,30.0,30,2018-02-06,2018-02-03,9750.0,2250.0
922135068,302729549,2018-02-03,1,7500.0,30.0,30,2018-03-05,2018-02-11,9750.0,2250.0
118717828,302935109,2018-03-17,2,7500.0,30.0,30,2018-04-16,2018-04-05,9750.0,2250.0
045511403,302093193016,2018-07-23,3,7500.0,30.0,30,2018-08-22,2018-08-15,9750.0,2250.0
305914500,302078671448,2018-07-20,1,7500.0,30.0,30,2018-08-20,2018-11-02,9750.0,2250.0
434332650,302803252,2018-02-19,1,7500.0,30.0,30,2018-03-21,2018-03-29,9750.0,2250.0
082751900,302314673065,2018-09-01,2,7500.0,30.0,30,2018-10-02,2018-09-27,9750.0,2250.0
253611707,302790823,2018-02-16,1,7500.0,30.0,30,2018-03-19,2018-03-01,9750.0,2250.0
654506127,302797003,2018-02-17,1,7500.0,30.0,30,2018-03-19,2018-03-17,9750.0,2250.0
300037755,302897336,2018-03-09,2,7500.0,30.0,30,2018-04-08,2018-04-01,9750.0,2250.0
696488420,302738992,2018-02-05,2,7500.0,30.0,30,2018-03-07,2018-03-02,9750.0,2250.0
803350989,301919462137,2018-06-17,1,7500.0,30.0,30,2018-07-17,2018-08-06,9750.0,2250.0
311159398,302685653951,2018-11-01,1,7500.0,30.0,30,2018-12-01,2018-12-11,9750.0,2250.0
336062518,301814046596,2018-05-28,2,7500.0,30.0,30,2018-06-27,2018-06-22,9750.0,2250.0
034794624,302919772,2018-03-14,1,7500.0,30.0,30,2018-04-13,2018-03-28,9750.0,2250.0
480774726,301866490335,2018-06-07,2,7500.0,30.0,30,2018-07-09,2018-07-20,9750.0,2250.0
433276298,302601471,2018-01-07,1,7500.0,30.0,30,2018-02-06,2018-05-15,9750.0,2250.0
308232919,302115857661,2018-07-27,2,7500.0,30.0,30,2018-08-26,2018-12-24,9750.0,2250.0
621297197,302606540,2018-01-08,1,7500.0,30.0,30,2018-02-07,2018-02-05,9750.0,2250.0
506186077,302674334,2018-01-23,1,7500.0,30.0,30,2018-02-22,2018-02-09,9750.0,2250.0
023612840,302057043268,2018-07-16,1,7500.0,30.0,30,2018-08-15,2018-08-15,9750.0,2250.0
265827270,302628113,2018-01-13,4,7500.0,30.0,30,2018-02-12,2018-01-29,9750.0,2250.0
293938382,303002239,2018-04-01,2,7500.0,30.0,30,2018-05-02,2018-04-29,9750.0,2250.0
381992307,302595111,2018-01-05,2,7500.0,30.0,30,2018-02-04,2018-02-03,9750.0,2250.0
777956613,303042167,2018-04-10,3,7500.0,30.0,30,2018-05-10,2018-05-08,9750.0,2250.0
756869294,302573829859,2018-10-14,1,7500.0,30.0,30,2018-11-13,2018-11-01,9750.0,2250.0
215754686,301931347753,2018-06-20,2,7500.0,30.0,30,2018-07-20,2018-07-18,9750.0,2250.0
624903333,302660434,2018-01-19,3,7500.0,30.0,30,2018-02-18,2018-02-14,9750.0,2250.0
533179307,302043239143,2018-07-13,1,7500.0,30.0,30,2018-08-13,2018-08-03,9750.0,2250.0
893024860,303057222,2018-04-13,2,7500.0,30.0,30,2018-05-13,2018-05-20,9750.0,2250.0
195825980,302876307,2018-03-05,3,7500.0,30.0,30,2018-04-04,2018-03-28,9750.0,2250.0
077210494,302280716186,2018-08-27,1,7500.0,30.0,30,2018-09-26,2018-09-25,9750.0,2250.0
865601189,302679785,2018-01-23,1,7500.0,30.0,30,2018-02-24,2018-03-10,9750.0,2250.0
786997536,302874958,2018-03-05,2,7500.0,30.0,30,2018-04-04,2018-04-03,9750.0,2250.0
911943862,302644272,2018-01-17,1,7500.0,30.0,30,2018-02-16,2018-03-14,9750.0,2250.0
756963555,302581852,2018-01-02,2,7500.0,30.0,30,2018-02-01,2018-01-26,9750.0,2250.0
682856756,302788405,2018-02-16,2,7500.0,30.0,30,2018-03-18,2018-03-19,9750.0,2250.0
369121703,302830525,2018-02-24,1,7500.0,30.0,30,2018-03-26,2018-04-03,9750.0,2250.0
563994804,302918878240,2018-12-12,2,7500.0,30.0,30,2019-01-11,2019-01-11,9750.0,2250.0
239340930,302176543465,2018-08-08,5,7500.0,30.0,30,2018-09-07,2018-09-18,9750.0,2250.0
734637515,302592887,2018-01-05,1,7500.0,30.0,30,2018-02-04,2018-04-11,9750.0,2250.0
135010788,302351415940,2018-09-07,2,7500.0,30.0,30,2018-10-07,2018-10-06,9750.0,2250.0
456094761,302700133,2018-01-27,2,7500.0,30.0,30,2018-02-26,2018-02-26,9750.0,2250.0
753278107,302508540132,2018-10-03,12,7500.0,30.0,30,2018-11-02,2018-11-02,9750.0,2250.0
496584701,302682444,2018-01-24,1,7500.0,30.0,30,2018-02-23,2018-03-26,9750.0,2250.0
382370854,301943234932,2018-06-22,2,7500.0,30.0,30,2018-07-23,2018-07-02,9750.0,2250.0
002464270,301871180054,2018-06-08,1,7500.0,30.0,30,2018-07-09,2018-07-01,9750.0,2250.0
804581971,302797183,2018-02-17,1,7500.0,30.0,30,2018-03-19,2018-03-21,9750.0,2250.0
970983781,303020615,2018-04-05,2,7500.0,30.0,30,2018-05-05,2018-04-28,9750.0,2250.0
051954414,302919175,2018-03-14,1,7500.0,30.0,30,2018-04-13,2018-03-22,9750.0,2250.0
454903347,302799696,2018-02-18,1,7500.0,30.0,30,2018-03-20,2018-03-12,9750.0,2250.0
266639452,302766920,2018-02-12,2,7500.0,30.0,30,2018-03-14,2018-04-19,9750.0,2250.0
605295651,302702247,2018-01-28,1,7500.0,30.0,30,2018-02-27,2018-03-02,9750.0,2250.0
970875198,302924369,2018-03-15,2,7500.0,30.0,30,2018-04-14,2018-04-13,9750.0,2250.0
030211120,302601245,2018-01-06,1,7500.0,30.0,30,2018-02-05,2018-01-30,9750.0,2250.0
487629300,302123292459,2018-07-28,1,7500.0,30.0,30,2018-08-27,2018-10-18,9750.0,2250.0
231404741,302727556,2018-02-03,1,7500.0,30.0,30,2018-03-05,2018-03-20,9750.0,2250.0
638063738,302742183194,2018-11-11,1,7500.0,30.0,30,2018-12-11,2018-12-11,9750.0,2250.0
483870736,302737604,2018-02-05,1,7500.0,30.0,30,2018-03-07,2018-03-09,9750.0,2250.0
545571286,302024466601,2018-07-09,1,7500.0,30.0,30,2018-08-08,2018-08-07,9750.0,2250.0
916499779,302771929,2018-02-12,1,7500.0,30.0,30,2018-03-15,2018-03-19,9750.0,2250.0
997891172,303201063,2018-05-09,5,7500.0,30.0,30,2018-06-08,2018-05-20,9750.0,2250.0
289594445,302634363,2018-01-15,1,7500.0,30.0,30,2018-02-14,2018-02-07,9750.0,2250.0
525836282,302867661,2018-03-02,2,7500.0,30.0,30,2018-04-02,2018-04-10,9750.0,2250.0
791167645,302630322,2018-01-13,1,7500.0,30.0,30,2018-02-12,2018-02-12,9750.0,2250.0
115570879,302856366,2018-03-01,1,7500.0,30.0,30,2018-03-31,2018-05-04,9750.0,2250.0
921757307,302858201,2018-03-01,1,7500.0,30.0,30,2018-03-31,2018-03-20,9750.0,2250.0
150116520,302595911,2018-01-05,6,7500.0,30.0,30,2018-02-04,2018-01-30,9750.0,2250.0
588894628,302769761,2018-02-12,1,7500.0,30.0,30,2018-03-15,2018-03-04,9750.0,2250.0
528080367,302683099,2018-01-24,1,7500.0,30.0,30,2018-02-24,2018-02-27,9750.0,2250.0
095928169,302736793,2018-02-05,1,7500.0,30.0,30,2018-03-07,2018-03-07,9750.0,2250.0
708616408,302779341,2018-02-14,1,7500.0,30.0,30,2018-03-16,2018-03-15,9750.0,2250.0
678871473,302627224,2018-01-12,1,7500.0,30.0,30,2018-02-11,2018-02-27,9750.0,2250.0
262822262,302719408,2018-02-01,1,7500.0,30.0,30,2018-03-03,2018-06-08,9750.0,2250.0
239835966,303173218,2018-05-05,3,7500.0,30.0,30,2018-06-04,2018-06-04,9750.0,2250.0
678096496,301732710976,2018-05-12,1,7500.0,30.0,30,2018-06-11,2018-09-05,9750.0,2250.0
931865469,302877690197,2018-12-04,2,7500.0,30.0,30,2019-01-03,2018-12-09,9750.0,2250.0
936896858,302486591493,2018-09-29,3,7500.0,30.0,30,2018-10-29,2018-11-03,9750.0,2250.0
752369589,302733475,2018-02-04,1,7500.0,30.0,30,2018-03-06,2018-02-26,9750.0,2250.0
373313076,302882093,2018-03-06,2,7500.0,30.0,30,2018-04-05,2018-05-31,9750.0,2250.0
887749980,303068162,2018-04-15,2,7500.0,30.0,30,2018-05-15,2018-05-15,9750.0,2250.0
593898029,302717789,2018-02-01,1,7500.0,30.0,30,2018-03-03,2018-03-04,9750.0,2250.0
466228212,302866966,2018-03-02,2,7500.0,30.0,30,2018-04-01,2018-04-04,9750.0,2250.0
444900612,302374351557,2018-09-11,1,7500.0,30.0,30,2018-10-11,2018-10-23,9750.0,2250.0
233208651,302719040,2018-02-01,4,7500.0,30.0,30,2018-03-03,2018-02-28,9750.0,2250.0
218831750,302601754,2018-01-07,1,7500.0,30.0,30,2018-02-06,2018-09-20,9750.0,2250.0
911483364,301848882061,2018-06-04,2,7500.0,30.0,30,2018-07-04,2018-07-04,9750.0,2250.0
019473702,302720343818,2018-11-07,1,7500.0,30.0,30,2018-12-07,2018-12-13,9750.0,2250.0
002203003,302861956,2018-03-02,5,7500.0,30.0,30,2018-04-01,2018-04-04,9750.0,2250.0
381384451,302607397,2018-01-08,4,7500.0,30.0,30,2018-02-07,2018-02-03,9750.0,2250.0
716287475,301769022628,2018-05-19,1,7500.0,30.0,30,2018-06-18,2018-07-06,9750.0,2250.0
116001017,302749298,2018-02-08,2,7500.0,30.0,30,2018-03-10,2018-04-11,9750.0,2250.0
149464877,302827044,2018-02-23,1,7500.0,30.0,30,2018-03-25,2018-03-23,9750.0,2250.0
159270862,302670010,2018-01-22,1,7500.0,30.0,30,2018-02-21,2018-02-20,9750.0,2250.0
733899473,302693597,2018-01-26,2,7500.0,30.0,30,2018-02-25,2018-02-25,9750.0,2250.0
085698169,302825894,2018-02-23,1,7500.0,30.0,30,2018-03-25,2018-04-04,9750.0,2250.0
150105352,302703342,2018-01-28,2,7500.0,30.0,30,2018-02-27,2018-03-03,9750.0,2250.0
049670377,302808358,2018-02-20,2,7500.0,30.0,30,2018-03-22,2018-03-19,9750.0,2250.0
105532494,302601895,2018-01-07,1,7500.0,30.0,30,2018-02-06,2018-01-26,9750.0,2250.0
402604116,302817370181,2018-11-24,3,7500.0,30.0,30,2018-12-24,2018-12-25,9750.0,2250.0
959804780,301957128345,2018-06-25,2,7500.0,30.0,30,2018-07-25,2018-08-03,9750.0,2250.0
644794832,301959558016,2018-06-26,1,7500.0,30.0,30,2018-07-26,2018-08-28,9750.0,2250.0
800080227,302626823092,2018-10-23,23,7500.0,30.0,30,2018-11-22,2018-11-22,9750.0,2250.0
381402077,302790467,2018-02-16,6,7500.0,30.0,30,2018-03-18,2018-03-18,9750.0,2250.0
060681102,302607004,2018-01-08,1,7500.0,30.0,30,2018-02-08,2018-02-17,9750.0,2250.0
563994804,302739772352,2018-11-10,1,7500.0,30.0,30,2018-12-10,2018-12-12,9750.0,2250.0
613888989,302843545,2018-02-27,1,7500.0,30.0,30,2018-03-29,2018-05-09,9750.0,2250.0
752427970,302681910,2018-01-24,1,7500.0,30.0,30,2018-02-23,2018-03-15,9750.0,2250.0
133530919,302951000,2018-03-21,3,7500.0,30.0,30,2018-04-20,2018-05-17,9750.0,2250.0
057109870,302584150,2018-01-02,1,7500.0,30.0,30,2018-02-01,2018-02-01,9750.0,2250.0
384037608,303004216,2018-04-01,5,7500.0,30.0,30,2018-05-02,2018-06-05,9750.0,2250.0
111663610,302711761,2018-01-30,1,7500.0,30.0,30,2018-03-01,2018-02-26,9750.0,2250.0
566333164,302827022,2018-02-23,1,7500.0,30.0,30,2018-03-25,2018-04-30,9750.0,2250.0
925690801,301761523783,2018-05-17,1,7500.0,30.0,30,2018-06-18,2018-07-26,9750.0,2250.0
885864900,302147289058,2018-08-02,3,7500.0,30.0,30,2018-09-01,2018-12-18,9750.0,2250.0
756188375,302407053519,2018-09-16,3,7500.0,30.0,30,2018-10-16,2018-09-20,9750.0,2250.0
788683561,303008388,2018-04-03,3,7500.0,30.0,30,2018-05-03,2018-04-04,9750.0,2250.0
613011211,302638281,2018-01-15,1,7500.0,30.0,30,2018-02-14,2018-02-13,9750.0,2250.0
485094186,302567435369,2018-10-13,1,7500.0,30.0,30,2018-11-12,2018-11-12,9750.0,2250.0
178769260,302769628,2018-02-12,1,7500.0,30.0,30,2018-03-14,2018-03-06,9750.0,2250.0
548830801,302580542,2018-01-01,1,7500.0,30.0,30,2018-01-31,2018-01-31,9750.0,2250.0
736684455,302940511,2018-03-18,2,7500.0,30.0,30,2018-04-17,2018-04-16,9750.0,2250.0
911694676,302713440,2018-01-31,1,7500.0,30.0,30,2018-03-02,2018-03-02,9750.0,2250.0
709401660,303160998,2018-05-03,2,7500.0,30.0,30,2018-06-04,2018-06-04,9750.0,2250.0
333723306,302879718747,2018-12-05,4,7500.0,30.0,30,2019-01-04,2019-01-03,9750.0,2250.0
058921348,302906874,2018-03-11,2,7500.0,30.0,30,2018-04-10,2018-04-13,9750.0,2250.0
923659303,302857571997,2018-12-01,1,7500.0,30.0,30,2018-12-31,2018-12-05,9750.0,2250.0
010585622,303182165,2018-05-07,3,7500.0,30.0,30,2018-06-06,2018-06-04,9750.0,2250.0
971803336,302331706266,2018-09-04,2,7500.0,30.0,30,2018-10-04,2018-12-25,9750.0,2250.0
667797821,302700534812,2018-11-04,1,7500.0,30.0,30,2018-12-04,2018-12-12,9750.0,2250.0
865136560,302143547817,2018-08-01,1,7500.0,30.0,30,2018-08-31,2018-08-18,9750.0,2250.0
790352380,302629868,2018-01-13,1,7500.0,30.0,30,2018-02-13,2018-02-04,9750.0,2250.0
806778707,302772987,2018-02-13,1,7500.0,30.0,30,2018-03-15,2018-03-20,9750.0,2250.0
694548846,302115822290,2018-07-27,3,7500.0,30.0,30,2018-08-26,2018-09-18,9750.0,2250.0
831586836,302694544907,2018-11-03,2,7500.0,30.0,30,2018-12-03,2018-11-27,9750.0,2250.0
310392593,302920816,2018-03-14,1,7500.0,30.0,30,2018-04-14,2018-04-04,9750.0,2250.0
724637213,302422879778,2018-09-19,1,7500.0,30.0,30,2018-10-19,2018-10-15,9750.0,2250.0
304570860,302610894,2018-01-09,1,7500.0,30.0,30,2018-02-08,2018-01-29,9750.0,2250.0
940148150,302944665,2018-03-19,3,7500.0,30.0,30,2018-04-18,2018-04-13,9750.0,2250.0
370421949,303019285,2018-04-05,3,7500.0,30.0,30,2018-05-05,2018-04-28,9750.0,2250.0
862678552,302275062825,2018-08-25,1,7500.0,30.0,30,2018-09-24,2018-09-09,9750.0,2250.0
925833460,302021516124,2018-07-09,1,7500.0,30.0,30,2018-08-08,2018-08-08,9750.0,2250.0
732974545,301719560931,2018-05-10,4,7500.0,30.0,30,2018-06-11,2018-06-11,9750.0,2250.0
775029702,302494658097,2018-10-01,2,7500.0,30.0,30,2018-10-31,2018-10-31,9750.0,2250.0
296935050,302615571,2018-01-10,1,7500.0,30.0,30,2018-02-09,2018-02-06,9750.0,2250.0
052142085,302711247733,2018-11-06,1,7500.0,30.0,30,2018-12-06,2018-12-03,9750.0,2250.0
855736465,301910123141,2018-06-15,1,7500.0,30.0,30,2018-07-16,2018-07-16,9750.0,2250.0
043896769,302527455477,2018-10-06,2,7500.0,30.0,30,2018-11-05,2018-10-23,9750.0,2250.0
300885033,302754669,2018-02-09,1,7500.0,30.0,30,2018-03-11,2018-03-11,9750.0,2250.0
048709465,302597744,2018-01-06,4,7500.0,30.0,30,2018-02-05,2018-02-03,9750.0,2250.0
916844006,302944076,2018-03-19,1,7500.0,30.0,30,2018-04-18,2018-04-30,9750.0,2250.0
296666926,302139479530,2018-08-01,1,7500.0,30.0,30,2018-08-31,2018-08-27,9750.0,2250.0
752913938,302644950,2018-01-17,1,7500.0,30.0,30,2018-02-16,2018-02-08,9750.0,2250.0
154789461,302511899883,2018-10-04,1,7500.0,30.0,30,2018-11-03,2018-10-05,9750.0,2250.0
733225958,302492546329,2018-10-01,1,7500.0,30.0,30,2018-10-31,2018-11-01,9750.0,2250.0
996427843,302635195,2018-01-15,2,7500.0,30.0,30,2018-02-14,2018-02-14,9750.0,2250.0
397692566,302847656,2018-02-27,2,7500.0,30.0,30,2018-03-29,2018-03-29,9750.0,2250.0
644365254,302779272,2018-02-14,1,7500.0,30.0,30,2018-03-19,2018-07-15,9750.0,2250.0
681856915,302794814,2018-02-17,2,7500.0,30.0,30,2018-03-19,2018-03-15,9750.0,2250.0
647746196,302892853,2018-03-08,2,7500.0,30.0,30,2018-04-07,2018-04-07,9750.0,2250.0
251882608,302346742978,2018-09-06,1,7500.0,30.0,30,2018-10-06,2018-10-06,9750.0,2250.0
633866506,302930178,2018-03-16,2,7500.0,30.0,30,2018-04-15,2018-06-20,9750.0,2250.0
431417489,302767211882,2018-11-15,1,7500.0,30.0,30,2018-12-15,2018-12-15,9750.0,2250.0
235238750,303001006,2018-03-31,3,7500.0,30.0,30,2018-04-30,2018-04-27,9750.0,2250.0
643459349,302920282,2018-03-14,4,7500.0,30.0,30,2018-04-13,2018-03-28,9750.0,2250.0
671400534,302762346,2018-02-10,3,7500.0,30.0,30,2018-03-12,2018-03-02,9750.0,2250.0
216431638,302638767,2018-01-15,2,7500.0,30.0,30,2018-02-15,2018-02-26,9750.0,2250.0
335476158,302580485,2018-01-01,1,7500.0,30.0,30,2018-02-01,2018-01-29,9750.0,2250.0
706319430,302924051,2018-03-15,2,7500.0,30.0,30,2018-04-14,2018-04-04,9750.0,2250.0
993925098,302898900,2018-03-09,2,7500.0,30.0,30,2018-04-08,2018-05-12,9750.0,2250.0
639764118,302734314,2018-02-04,1,7500.0,30.0,30,2018-03-06,2018-02-13,9750.0,2250.0
866299704,302783772,2018-02-15,1,7500.0,30.0,30,2018-03-17,2018-03-22,9750.0,2250.0
300906418,302855254,2018-03-01,1,7500.0,30.0,30,2018-03-31,2018-04-03,9750.0,2250.0
181225443,302594532892,2018-10-17,1,7500.0,30.0,30,2018-11-16,2018-11-09,9750.0,2250.0
025477324,302848736,2018-02-28,1,7500.0,30.0,30,2018-03-31,2018-03-31,9750.0,2250.0
892337050,302744706,2018-02-07,1,7500.0,30.0,30,2018-03-09,2018-03-01,9750.0,2250.0
410148533,302721797,2018-02-01,1,7500.0,30.0,30,2018-03-03,2018-03-03,9750.0,2250.0
152687572,302902930,2018-03-10,2,7500.0,30.0,30,2018-04-09,2018-03-26,9750.0,2250.0
581161620,302640439,2018-01-16,1,7500.0,30.0,30,2018-02-15,2018-01-29,9750.0,2250.0
077878173,302035219288,2018-07-12,2,7500.0,30.0,30,2018-08-13,2018-08-20,9750.0,2250.0
295510220,301860593316,2018-06-06,2,7500.0,30.0,30,2018-07-06,2018-07-02,9750.0,2250.0
977962940,302752039646,2018-11-13,1,7500.0,30.0,30,2018-12-13,2018-12-12,9750.0,2250.0
774279040,302394659351,2018-09-14,1,7500.0,30.0,30,2018-10-14,2018-10-22,9750.0,2250.0
928681165,302709408,2018-01-30,1,7500.0,30.0,30,2018-03-01,2018-03-23,9750.0,2250.0
774901377,302668894,2018-01-22,1,7500.0,30.0,30,2018-02-21,2018-06-16,9750.0,2250.0
816427534,302232823142,2018-08-18,12,7500.0,30.0,30,2018-09-17,2018-09-16,9750.0,2250.0
285646329,302698941,2018-01-27,1,7500.0,30.0,30,2018-02-26,2018-02-28,9750.0,2250.0
038656199,302143646709,2018-08-01,3,7500.0,30.0,30,2018-08-31,2018-08-20,9750.0,2250.0
352943986,302845919758,2018-11-29,2,7500.0,30.0,30,2018-12-29,2019-01-16,9750.0,2250.0
523757445,302708092,2018-01-29,1,7500.0,30.0,30,2018-03-02,2018-03-02,9750.0,2250.0
387380876,302133021242,2018-07-31,3,7500.0,30.0,30,2018-08-30,2018-08-03,9750.0,2250.0
390794866,302929329,2018-03-16,2,7500.0,30.0,30,2018-04-15,2018-03-21,9750.0,2250.0
497107832,302721151372,2018-11-07,1,7500.0,30.0,30,2018-12-07,2018-12-05,9750.0,2250.0
659689787,302638290,2018-01-15,1,7500.0,30.0,30,2018-02-15,2018-02-10,9750.0,2250.0
106105286,302705591,2018-01-29,1,7500.0,30.0,30,2018-03-01,2018-03-05,9750.0,2250.0
386250820,303095149,2018-04-20,4,7500.0,30.0,30,2018-05-20,2018-05-19,9750.0,2250.0
167464914,302586161,2018-01-03,1,7500.0,30.0,30,2018-02-02,2018-03-26,9750.0,2250.0
002907613,302171731688,2018-08-07,1,7500.0,30.0,30,2018-09-06,2018-09-03,9750.0,2250.0
295620961,302709684,2018-01-30,1,7500.0,30.0,30,2018-03-01,2018-02-28,9750.0,2250.0
720363977,302530071249,2018-10-07,7,7500.0,30.0,30,2018-11-06,2018-10-29,9750.0,2250.0
073401142,301847132956,2018-06-04,2,7500.0,30.0,30,2018-07-04,2018-07-03,9750.0,2250.0
863794966,302814392,2018-02-21,1,7500.0,30.0,30,2018-03-23,2018-05-09,9750.0,2250.0
341471194,301724515411,2018-05-11,6,7500.0,30.0,30,2018-06-11,2018-05-31,9750.0,2250.0
251418885,302808090308,2018-11-22,2,15000.0,15.0,60,2019-01-22,2018-12-22,17250.0,2250.0
105426650,302807066,2018-02-20,2,7500.0,30.0,30,2018-03-22,2018-04-22,9750.0,2250.0
159731561,302926087,2018-03-15,2,7500.0,30.0,30,2018-04-14,2018-04-14,9750.0,2250.0
837402524,302896045950,2018-12-08,2,7500.0,30.0,30,2019-01-07,2018-12-11,9750.0,2250.0
036979144,302634044,2018-01-15,1,7500.0,30.0,30,2018-02-14,2018-02-16,9750.0,2250.0
658048579,302745134,2018-02-07,1,7500.0,30.0,30,2018-03-09,2018-03-08,9750.0,2250.0
375003450,302064465273,2018-07-17,1,7500.0,30.0,30,2018-08-16,2018-08-15,9750.0,2250.0
787205753,302879062,2018-03-05,4,7500.0,30.0,30,2018-04-04,2018-03-30,9750.0,2250.0
662168557,302650272,2018-01-18,1,7500.0,30.0,30,2018-02-17,2018-02-17,9750.0,2250.0
804330064,302175007251,2018-08-07,2,7500.0,30.0,30,2018-09-06,2018-09-06,9750.0,2250.0
159945550,302589833904,2018-10-17,1,7500.0,30.0,30,2018-11-16,2018-12-06,9750.0,2250.0
032311940,301993996930,2018-07-03,2,7500.0,30.0,30,2018-08-02,2018-08-06,9750.0,2250.0
026980910,302589144,2018-01-04,5,7500.0,30.0,30,2018-02-05,2018-02-01,9750.0,2250.0
065950448,302852864,2018-02-28,1,7500.0,30.0,30,2018-03-30,2018-03-30,9750.0,2250.0
746272578,302634313103,2018-10-24,2,7500.0,30.0,30,2018-11-23,2018-11-23,9750.0,2250.0
966837117,301905943703,2018-06-14,1,7500.0,30.0,30,2018-07-16,2018-07-13,9750.0,2250.0
466262330,302846873,2018-02-27,2,7500.0,30.0,30,2018-03-29,2018-04-09,9750.0,2250.0
559474076,302678099,2018-01-23,1,7500.0,30.0,30,2018-02-22,2018-02-22,9750.0,2250.0
089474693,302703948,2018-01-29,5,7500.0,30.0,30,2018-02-28,2018-02-28,9750.0,2250.0
559408231,302677570536,2018-10-31,1,7500.0,30.0,30,2018-11-30,2018-11-29,9750.0,2250.0
532921491,302782101,2018-02-14,1,7500.0,30.0,30,2018-03-16,2018-03-15,9750.0,2250.0
467371646,302739689,2018-02-06,2,7500.0,30.0,30,2018-03-08,2018-03-08,9750.0,2250.0
999072271,302702050019,2018-11-04,1,7500.0,30.0,30,2018-12-04,2018-12-03,9750.0,2250.0
155329831,301759635687,2018-05-17,2,7500.0,30.0,30,2018-06-18,2018-06-15,9750.0,2250.0
523018039,302645433,2018-01-17,1,7500.0,30.0,30,2018-02-16,2018-01-20,9750.0,2250.0
675972114,302748398,2018-02-07,1,7500.0,30.0,30,2018-03-09,2018-03-07,9750.0,2250.0
638130575,302280409062,2018-08-27,1,7500.0,30.0,30,2018-09-26,2018-09-26,9750.0,2250.0
686558059,301982521136,2018-06-30,2,7500.0,30.0,30,2018-07-30,2018-09-08,9750.0,2250.0
912290005,302744019,2018-02-06,1,7500.0,30.0,30,2018-03-08,2018-05-23,9750.0,2250.0
519674353,302587355,2018-01-03,3,7500.0,30.0,30,2018-02-02,2018-02-02,9750.0,2250.0
550197302,302267830223,2018-08-24,1,7500.0,30.0,30,2018-09-23,2018-09-23,9750.0,2250.0
892277770,302866142694,2018-12-03,3,7500.0,30.0,30,2019-01-02,2018-12-22,9750.0,2250.0
657637051,302590779,2018-01-04,1,7500.0,30.0,30,2018-02-03,2018-03-13,9750.0,2250.0
095603742,302591978,2018-01-04,1,7500.0,30.0,30,2018-02-04,2018-01-31,9750.0,2250.0
191115740,302657503,2018-01-19,2,7500.0,30.0,30,2018-02-18,2018-02-22,9750.0,2250.0
490283509,303032116,2018-04-07,2,7500.0,30.0,30,2018-05-07,2018-05-07,9750.0,2250.0
758179354,302596557,2018-01-05,1,7500.0,30.0,30,2018-02-04,2018-01-30,9750.0,2250.0
151876969,302786072,2018-02-15,1,7500.0,30.0,30,2018-03-17,2018-03-21,9750.0,2250.0
037218883,302161391055,2018-08-05,1,7500.0,30.0,30,2018-09-04,2018-08-30,9750.0,2250.0
251839715,302368523945,2018-09-10,1,7500.0,30.0,30,2018-10-10,2018-10-24,9750.0,2250.0
844913508,302849384,2018-02-28,1,7500.0,30.0,30,2018-03-30,2018-03-31,9750.0,2250.0
029861970,302101701594,2018-07-24,1,7500.0,30.0,30,2018-08-23,2018-08-22,9750.0,2250.0
542575659,302578596,2018-01-01,1,7500.0,30.0,30,2018-01-31,2018-01-03,9750.0,2250.0
983019636,303000463,2018-03-31,2,7500.0,30.0,30,2018-04-30,2018-04-04,9750.0,2250.0
736502825,302256779051,2018-08-23,2,7500.0,30.0,30,2018-09-22,2018-09-22,9750.0,2250.0
705587230,302712014819,2018-11-06,2,7500.0,30.0,30,2018-12-06,2018-12-03,9750.0,2250.0
068296451,303008698,2018-04-03,2,7500.0,30.0,30,2018-05-03,2018-05-08,9750.0,2250.0
139420975,302863390,2018-03-02,1,7500.0,30.0,30,2018-04-01,2018-10-08,9750.0,2250.0
359317700,302729561,2018-02-03,1,7500.0,30.0,30,2018-03-05,2018-03-05,9750.0,2250.0
031947410,301822930431,2018-05-30,2,7500.0,30.0,30,2018-06-29,2018-09-25,9750.0,2250.0
413179947,302633278,2018-01-14,1,7500.0,30.0,30,2018-02-13,2018-01-31,9750.0,2250.0
579986988,302879620,2018-03-05,2,7500.0,30.0,30,2018-04-04,2018-03-30,9750.0,2250.0
749085876,301884588348,2018-06-11,4,7500.0,30.0,30,2018-07-11,2018-09-01,9750.0,2250.0
864423882,302708255,2018-01-29,1,7500.0,30.0,30,2018-03-01,2018-02-27,9750.0,2250.0
049163426,302779934,2018-02-14,1,7500.0,30.0,30,2018-03-16,2018-05-09,9750.0,2250.0
795005129,302613696,2018-01-09,1,7500.0,30.0,30,2018-02-08,2018-01-15,9750.0,2250.0
078021788,302916911,2018-03-13,2,7500.0,30.0,30,2018-04-12,2018-04-14,9750.0,2250.0
499316650,303170697,2018-05-04,2,7500.0,30.0,30,2018-06-04,2018-06-04,9750.0,2250.0
708286575,301913226876,2018-06-15,1,7500.0,30.0,30,2018-07-16,2018-07-14,9750.0,2250.0
390134460,302765580,2018-02-11,5,7500.0,30.0,30,2018-03-13,2018-03-10,9750.0,2250.0
767579830,302671489,2018-01-22,4,7500.0,30.0,30,2018-02-21,2018-02-21,9750.0,2250.0
166319502,302303049493,2018-08-30,3,7500.0,30.0,30,2018-09-29,2018-10-03,9750.0,2250.0
995480572,302904418,2018-03-10,4,7500.0,30.0,30,2018-04-09,2018-04-03,9750.0,2250.0
587493671,302525568184,2018-10-06,1,7500.0,30.0,30,2018-11-05,2018-11-08,9750.0,2250.0
242797344,302804344,2018-02-19,1,7500.0,30.0,30,2018-03-21,2018-03-22,9750.0,2250.0
804155857,301780502854,2018-05-21,2,7500.0,30.0,30,2018-06-20,2018-06-16,9750.0,2250.0
122661501,302817413,2018-02-22,1,7500.0,30.0,30,2018-03-24,2018-03-24,9750.0,2250.0
826407015,302353101661,2018-09-07,12,7500.0,30.0,30,2018-10-07,2018-10-18,9750.0,2250.0
178677453,302791534,2018-02-16,3,7500.0,30.0,30,2018-03-18,2018-03-08,9750.0,2250.0
442398400,302715098,2018-01-31,1,7500.0,30.0,30,2018-03-02,2018-03-02,9750.0,2250.0
164293607,302556295655,2018-10-11,1,7500.0,30.0,30,2018-11-10,2018-10-18,9750.0,2250.0
920806253,302471845612,2018-09-27,1,7500.0,30.0,30,2018-10-27,2018-11-09,9750.0,2250.0
729934026,301795211670,2018-05-24,1,7500.0,30.0,30,2018-06-25,2018-07-05,9750.0,2250.0
848049110,301962174568,2018-06-26,1,7500.0,30.0,30,2018-07-26,2018-07-27,9750.0,2250.0
891738385,302372491939,2018-09-11,1,7500.0,30.0,30,2018-10-11,2018-10-11,9750.0,2250.0
413065560,302922270,2018-03-14,1,7500.0,30.0,30,2018-04-13,2018-04-09,9750.0,2250.0
121586610,302178919277,2018-08-08,3,7500.0,30.0,30,2018-09-07,2018-09-27,9750.0,2250.0
368603964,302738935,2018-02-05,5,7500.0,30.0,30,2018-03-07,2018-03-02,9750.0,2250.0
772703709,302607889,2018-01-08,2,7500.0,30.0,30,2018-02-07,2018-02-06,9750.0,2250.0
737919983,302713704717,2018-11-06,4,7500.0,30.0,30,2018-12-06,2018-11-16,9750.0,2250.0
482610334,302370502585,2018-09-10,1,7500.0,30.0,30,2018-10-10,2018-11-12,9750.0,2250.0
879430322,302643631,2018-01-16,1,7500.0,30.0,30,2018-02-15,2018-02-09,9750.0,2250.0
492954954,303201761,2018-05-09,1,7500.0,30.0,30,2018-06-08,2018-07-25,9750.0,2250.0
859200358,302701019,2018-01-28,3,7500.0,30.0,30,2018-02-27,2018-03-07,9750.0,2250.0
631264575,302600338,2018-01-06,1,7500.0,30.0,30,2018-02-05,2018-04-29,9750.0,2250.0
738664536,303004277,2018-04-01,1,7500.0,30.0,30,2018-05-03,2018-06-06,9750.0,2250.0
714415706,302895511239,2018-12-07,4,15000.0,15.0,60,2019-02-06,2019-01-09,17250.0,2250.0
745141607,302227740886,2018-08-17,1,7500.0,30.0,30,2018-09-16,2018-10-16,9750.0,2250.0
030829438,302649032,2018-01-17,3,7500.0,30.0,30,2018-02-16,2018-02-16,9750.0,2250.0
747739008,302752103,2018-02-08,1,7500.0,30.0,30,2018-03-13,2018-03-13,9750.0,2250.0
012739639,301845465315,2018-06-03,5,7500.0,30.0,30,2018-07-03,2018-07-02,9750.0,2250.0
112612912,302707674,2018-01-29,3,7500.0,30.0,30,2018-02-28,2018-02-10,9750.0,2250.0
570857620,302918637,2018-03-14,2,7500.0,30.0,30,2018-04-13,2018-04-13,9750.0,2250.0
237077059,302447948799,2018-09-23,2,7500.0,30.0,30,2018-10-23,2018-10-23,9750.0,2250.0
981768947,301943354289,2018-06-22,2,7500.0,30.0,30,2018-07-23,2018-07-07,9750.0,2250.0
950533500,302651153,2018-01-18,2,7500.0,30.0,30,2018-02-17,2018-02-17,9750.0,2250.0
391025217,302607817,2018-01-08,1,7500.0,30.0,30,2018-02-08,2018-02-09,9750.0,2250.0
712496621,302515996811,2018-10-04,1,7500.0,30.0,30,2018-11-03,2018-10-17,9750.0,2250.0
189301655,302565959911,2018-10-13,2,7500.0,30.0,30,2018-11-12,2018-11-20,9750.0,2250.0
774788130,303200438,2018-05-09,6,7500.0,30.0,30,2018-06-08,2018-05-30,9750.0,2250.0
874756930,302885631,2018-03-07,2,7500.0,30.0,30,2018-04-06,2018-04-17,9750.0,2250.0
706415844,302867467601,2018-12-03,7,7500.0,30.0,30,2019-01-02,2018-12-30,9750.0,2250.0
620183677,302591220,2018-01-04,2,7500.0,30.0,30,2018-02-03,2018-02-03,9750.0,2250.0
351491824,302607848,2018-01-08,1,7500.0,30.0,30,2018-02-09,2018-05-09,9750.0,2250.0
913548727,302710986,2018-01-30,1,7500.0,30.0,30,2018-03-01,2018-02-19,9750.0,2250.0
238919660,302923409,2018-03-14,3,7500.0,30.0,30,2018-04-14,2018-04-13,9750.0,2250.0
671136860,302826707789,2018-11-26,2,7500.0,30.0,30,2018-12-27,2018-12-19,9750.0,2250.0
576830620,302856088,2018-03-01,3,7500.0,30.0,30,2018-03-31,2018-07-12,9750.0,2250.0
764722086,302931308,2018-03-16,2,7500.0,30.0,30,2018-04-15,2018-04-10,9750.0,2250.0
586613101,302585527,2018-01-03,3,7500.0,30.0,30,2018-02-02,2018-02-04,9750.0,2250.0
242227643,301880401914,2018-06-10,2,7500.0,30.0,30,2018-07-10,2018-07-12,9750.0,2250.0
078093608,302729421934,2018-11-09,2,7500.0,30.0,30,2018-12-09,2018-11-30,9750.0,2250.0
063243799,302605265,2018-01-08,2,7500.0,30.0,30,2018-02-07,2018-02-06,9750.0,2250.0
704294322,302631540,2018-01-14,1,7500.0,30.0,30,2018-02-13,2018-02-05,9750.0,2250.0
144227648,302582780,2018-01-02,2,7500.0,30.0,30,2018-02-01,2018-02-02,9750.0,2250.0
964510149,302636726,2018-01-15,2,7500.0,30.0,30,2018-02-14,2018-01-20,9750.0,2250.0
251997198,302772445,2018-02-13,1,7500.0,30.0,30,2018-03-15,2018-03-14,9750.0,2250.0
899011279,302585439,2018-01-03,3,7500.0,30.0,30,2018-02-02,2018-10-12,9750.0,2250.0
648637210,302788322114,2018-11-19,1,7500.0,30.0,30,2018-12-19,2018-12-17,9750.0,2250.0
464788691,302683579,2018-01-24,1,7500.0,30.0,30,2018-02-24,2018-02-11,9750.0,2250.0
